{
    "nothing": {
        "preds": [
            5,
            7,
            11,
            2,
            10,
            0,
            5,
            6,
            6,
            2,
            8,
            5,
            0,
            3,
            9,
            7,
            2,
            4,
            10,
            2,
            8,
            1,
            2,
            6,
            2,
            3,
            1,
            3,
            1,
            2,
            4,
            8,
            11,
            7,
            1,
            13,
            2,
            3,
            8,
            1,
            1,
            4,
            5,
            3,
            9,
            2,
            9,
            3,
            10,
            3
        ],
        "accuracy": 0.42
    },
    "everything": {
        "joint": {
            "preds": [
                9,
                6,
                5,
                7,
                7,
                4,
                6,
                2,
                7,
                4,
                4,
                2,
                4,
                4,
                4,
                6,
                3,
                2,
                3,
                3,
                9,
                5,
                7,
                2,
                5,
                2,
                9,
                4,
                2,
                4,
                7,
                9,
                7,
                2,
                3,
                3,
                2,
                2,
                2,
                4,
                3,
                4,
                4,
                7,
                3,
                3,
                4,
                2,
                2,
                6
            ],
            "accuracy": 0.02
        },
        "video": {
            "preds": [
                5,
                7,
                13,
                2,
                0,
                5,
                11,
                6,
                6,
                2,
                7,
                6,
                5,
                2,
                9,
                7,
                2,
                4,
                1,
                9,
                8,
                0,
                2,
                6,
                2,
                6,
                5,
                7,
                1,
                2,
                8,
                8,
                11,
                7,
                4,
                1,
                2,
                14,
                9,
                5,
                1,
                10,
                5,
                3,
                9,
                8,
                9,
                3,
                6,
                8
            ],
            "accuracy": 0.24
        },
        "question": {
            "preds": [
                1,
                7,
                11,
                2,
                10,
                5,
                5,
                6,
                6,
                5,
                8,
                5,
                8,
                3,
                8,
                7,
                8,
                4,
                10,
                2,
                8,
                1,
                2,
                6,
                2,
                3,
                12,
                7,
                14,
                2,
                9,
                8,
                6,
                9,
                10,
                13,
                3,
                9,
                8,
                5,
                1,
                4,
                5,
                7,
                9,
                8,
                9,
                1,
                10,
                3
            ],
            "accuracy": 0.44
        },
        "answer": {
            "preds": [
                9,
                6,
                5,
                7,
                7,
                4,
                6,
                2,
                7,
                4,
                4,
                2,
                4,
                4,
                4,
                6,
                3,
                2,
                3,
                3,
                9,
                5,
                7,
                2,
                5,
                2,
                9,
                4,
                2,
                4,
                7,
                9,
                7,
                2,
                3,
                3,
                2,
                2,
                2,
                4,
                3,
                4,
                4,
                7,
                3,
                3,
                4,
                2,
                2,
                6
            ],
            "accuracy": 0.02
        }
    },
    "positive": {
        "ground_truth": {
            "joint": {
                "preds": [
                    5,
                    7,
                    5,
                    4,
                    10,
                    0,
                    5,
                    12,
                    9,
                    3,
                    9,
                    0,
                    9,
                    2,
                    9,
                    5,
                    6,
                    4,
                    2,
                    9,
                    14,
                    1,
                    7,
                    9,
                    6,
                    9,
                    8,
                    3,
                    12,
                    4,
                    9,
                    8,
                    6,
                    9,
                    4,
                    2,
                    13,
                    4,
                    13,
                    5,
                    1,
                    10,
                    5,
                    3,
                    10,
                    8,
                    8,
                    3,
                    13,
                    3
                ],
                "accuracy": 0.0
            },
            "video": {
                "preds": [
                    5,
                    7,
                    11,
                    1,
                    10,
                    5,
                    11,
                    6,
                    6,
                    2,
                    8,
                    5,
                    0,
                    3,
                    8,
                    7,
                    2,
                    4,
                    10,
                    2,
                    8,
                    1,
                    2,
                    6,
                    2,
                    3,
                    12,
                    3,
                    1,
                    2,
                    9,
                    8,
                    11,
                    7,
                    1,
                    13,
                    2,
                    3,
                    8,
                    5,
                    1,
                    4,
                    5,
                    3,
                    9,
                    8,
                    9,
                    3,
                    4,
                    3
                ],
                "accuracy": 0.4
            },
            "question": {
                "preds": [
                    5,
                    7,
                    11,
                    1,
                    10,
                    0,
                    5,
                    6,
                    6,
                    5,
                    8,
                    5,
                    5,
                    3,
                    9,
                    7,
                    6,
                    4,
                    10,
                    2,
                    8,
                    1,
                    2,
                    6,
                    2,
                    3,
                    12,
                    7,
                    14,
                    0,
                    9,
                    8,
                    6,
                    9,
                    1,
                    13,
                    1,
                    9,
                    8,
                    5,
                    1,
                    10,
                    5,
                    7,
                    6,
                    2,
                    9,
                    1,
                    10,
                    3
                ],
                "accuracy": 0.38
            },
            "answer": {
                "preds": [
                    5,
                    7,
                    5,
                    4,
                    10,
                    0,
                    5,
                    12,
                    9,
                    3,
                    9,
                    0,
                    9,
                    2,
                    9,
                    5,
                    6,
                    4,
                    2,
                    9,
                    14,
                    1,
                    7,
                    9,
                    6,
                    9,
                    8,
                    3,
                    12,
                    4,
                    9,
                    8,
                    6,
                    9,
                    4,
                    2,
                    13,
                    4,
                    13,
                    5,
                    1,
                    10,
                    5,
                    3,
                    10,
                    8,
                    8,
                    3,
                    13,
                    3
                ],
                "accuracy": 0.0
            }
        },
        "false": {
            "joint": {
                "preds": [
                    5,
                    7,
                    8,
                    1,
                    11,
                    5,
                    11,
                    6,
                    6,
                    5,
                    8,
                    5,
                    8,
                    3,
                    8,
                    8,
                    6,
                    4,
                    10,
                    2,
                    8,
                    4,
                    7,
                    7,
                    2,
                    3,
                    12,
                    14,
                    9,
                    4,
                    4,
                    8,
                    8,
                    7,
                    1,
                    13,
                    4,
                    9,
                    13,
                    1,
                    1,
                    10,
                    5,
                    3,
                    9,
                    8,
                    9,
                    1,
                    10,
                    12
                ],
                "accuracy": 0.46
            },
            "video": {
                "preds": [
                    5,
                    7,
                    11,
                    1,
                    10,
                    5,
                    5,
                    6,
                    6,
                    2,
                    8,
                    5,
                    0,
                    3,
                    8,
                    7,
                    2,
                    4,
                    10,
                    2,
                    8,
                    1,
                    2,
                    6,
                    2,
                    3,
                    12,
                    3,
                    1,
                    2,
                    9,
                    8,
                    0,
                    9,
                    1,
                    13,
                    2,
                    3,
                    8,
                    5,
                    1,
                    4,
                    5,
                    3,
                    9,
                    2,
                    9,
                    3,
                    10,
                    3
                ],
                "accuracy": 0.44
            },
            "question": {
                "preds": [
                    5,
                    7,
                    11,
                    2,
                    10,
                    0,
                    11,
                    6,
                    6,
                    2,
                    8,
                    5,
                    0,
                    3,
                    8,
                    7,
                    6,
                    4,
                    10,
                    2,
                    8,
                    1,
                    2,
                    6,
                    2,
                    3,
                    12,
                    7,
                    14,
                    2,
                    9,
                    8,
                    6,
                    7,
                    10,
                    13,
                    3,
                    3,
                    8,
                    5,
                    1,
                    4,
                    5,
                    3,
                    9,
                    2,
                    9,
                    3,
                    10,
                    3
                ],
                "accuracy": 0.44
            },
            "answer": {
                "preds": [
                    5,
                    7,
                    8,
                    1,
                    11,
                    5,
                    11,
                    6,
                    6,
                    5,
                    8,
                    5,
                    8,
                    3,
                    8,
                    8,
                    6,
                    4,
                    10,
                    2,
                    8,
                    4,
                    7,
                    7,
                    2,
                    3,
                    12,
                    14,
                    9,
                    4,
                    4,
                    8,
                    8,
                    7,
                    1,
                    13,
                    4,
                    9,
                    13,
                    1,
                    1,
                    10,
                    5,
                    3,
                    9,
                    8,
                    9,
                    1,
                    10,
                    12
                ],
                "accuracy": 0.46
            }
        },
        "all": {
            "joint": {
                "preds": [
                    5,
                    7,
                    8,
                    4,
                    11,
                    5,
                    5,
                    6,
                    6,
                    5,
                    8,
                    5,
                    8,
                    3,
                    8,
                    5,
                    6,
                    4,
                    10,
                    2,
                    8,
                    4,
                    7,
                    7,
                    6,
                    3,
                    12,
                    3,
                    9,
                    4,
                    4,
                    8,
                    8,
                    9,
                    13,
                    13,
                    9,
                    9,
                    13,
                    12,
                    1,
                    10,
                    5,
                    3,
                    9,
                    8,
                    9,
                    3,
                    10,
                    12
                ],
                "accuracy": 0.38
            },
            "video": {
                "preds": [
                    5,
                    7,
                    11,
                    2,
                    10,
                    5,
                    5,
                    6,
                    6,
                    2,
                    8,
                    5,
                    0,
                    3,
                    8,
                    7,
                    2,
                    4,
                    10,
                    2,
                    8,
                    1,
                    2,
                    6,
                    2,
                    3,
                    12,
                    3,
                    1,
                    2,
                    9,
                    8,
                    0,
                    9,
                    1,
                    13,
                    2,
                    3,
                    8,
                    5,
                    1,
                    4,
                    5,
                    3,
                    9,
                    2,
                    9,
                    3,
                    10,
                    3
                ],
                "accuracy": 0.46
            },
            "question": {
                "preds": [
                    5,
                    7,
                    11,
                    2,
                    10,
                    0,
                    11,
                    6,
                    6,
                    2,
                    8,
                    5,
                    0,
                    3,
                    8,
                    7,
                    6,
                    4,
                    10,
                    2,
                    8,
                    1,
                    2,
                    6,
                    2,
                    3,
                    12,
                    7,
                    14,
                    2,
                    9,
                    8,
                    6,
                    7,
                    10,
                    13,
                    3,
                    3,
                    8,
                    5,
                    1,
                    4,
                    5,
                    3,
                    9,
                    2,
                    9,
                    3,
                    10,
                    3
                ],
                "accuracy": 0.44
            },
            "answer": {
                "preds": [
                    5,
                    7,
                    8,
                    4,
                    11,
                    5,
                    5,
                    6,
                    6,
                    5,
                    8,
                    5,
                    8,
                    3,
                    8,
                    5,
                    6,
                    4,
                    10,
                    2,
                    8,
                    4,
                    7,
                    7,
                    6,
                    3,
                    12,
                    3,
                    9,
                    4,
                    4,
                    8,
                    8,
                    9,
                    13,
                    13,
                    9,
                    9,
                    13,
                    12,
                    1,
                    10,
                    5,
                    3,
                    9,
                    8,
                    9,
                    3,
                    10,
                    12
                ],
                "accuracy": 0.38
            }
        }
    },
    "negative": {
        "ground_truth": {
            "joint": {
                "preds": [
                    6,
                    2,
                    11,
                    2,
                    11,
                    5,
                    11,
                    6,
                    6,
                    5,
                    8,
                    5,
                    0,
                    13,
                    13,
                    11,
                    2,
                    8,
                    10,
                    2,
                    8,
                    5,
                    2,
                    7,
                    2,
                    3,
                    12,
                    14,
                    9,
                    11,
                    1,
                    4,
                    0,
                    1,
                    4,
                    13,
                    9,
                    14,
                    8,
                    1,
                    14,
                    9,
                    3,
                    7,
                    9,
                    2,
                    9,
                    1,
                    10,
                    12
                ],
                "accuracy": 0.92
            },
            "video": {
                "preds": [
                    5,
                    1,
                    11,
                    1,
                    10,
                    5,
                    11,
                    6,
                    6,
                    2,
                    8,
                    5,
                    0,
                    3,
                    8,
                    7,
                    2,
                    4,
                    10,
                    2,
                    8,
                    1,
                    2,
                    6,
                    2,
                    3,
                    12,
                    3,
                    1,
                    2,
                    4,
                    8,
                    11,
                    7,
                    1,
                    13,
                    2,
                    3,
                    8,
                    1,
                    1,
                    10,
                    5,
                    3,
                    9,
                    2,
                    9,
                    3,
                    10,
                    3
                ],
                "accuracy": 0.46
            },
            "question": {
                "preds": [
                    5,
                    1,
                    11,
                    2,
                    10,
                    5,
                    5,
                    6,
                    6,
                    5,
                    8,
                    5,
                    0,
                    3,
                    9,
                    7,
                    2,
                    4,
                    10,
                    2,
                    8,
                    1,
                    2,
                    6,
                    2,
                    3,
                    12,
                    7,
                    14,
                    2,
                    9,
                    8,
                    11,
                    7,
                    1,
                    13,
                    2,
                    9,
                    8,
                    5,
                    1,
                    4,
                    5,
                    7,
                    9,
                    2,
                    9,
                    3,
                    10,
                    3
                ],
                "accuracy": 0.46
            },
            "answer": {
                "preds": [
                    6,
                    2,
                    11,
                    2,
                    11,
                    5,
                    11,
                    6,
                    6,
                    5,
                    8,
                    5,
                    0,
                    13,
                    13,
                    11,
                    2,
                    8,
                    10,
                    2,
                    8,
                    5,
                    2,
                    7,
                    2,
                    3,
                    12,
                    14,
                    9,
                    11,
                    1,
                    4,
                    0,
                    1,
                    4,
                    13,
                    9,
                    14,
                    8,
                    1,
                    14,
                    9,
                    3,
                    7,
                    9,
                    2,
                    9,
                    1,
                    10,
                    12
                ],
                "accuracy": 0.92
            }
        },
        "false": {
            "joint": {
                "preds": [
                    5,
                    1,
                    7,
                    1,
                    7,
                    1,
                    5,
                    0,
                    9,
                    2,
                    9,
                    14,
                    0,
                    3,
                    10,
                    7,
                    12,
                    14,
                    2,
                    8,
                    6,
                    10,
                    8,
                    6,
                    9,
                    11,
                    5,
                    10,
                    11,
                    2,
                    1,
                    4,
                    0,
                    2,
                    4,
                    6,
                    2,
                    6,
                    9,
                    14,
                    8,
                    9,
                    11,
                    7,
                    10,
                    0,
                    10,
                    3,
                    7,
                    2
                ],
                "accuracy": 0.08
            },
            "video": {
                "preds": [
                    5,
                    1,
                    13,
                    1,
                    7,
                    5,
                    11,
                    6,
                    6,
                    2,
                    8,
                    5,
                    0,
                    2,
                    8,
                    7,
                    2,
                    4,
                    10,
                    2,
                    8,
                    1,
                    2,
                    6,
                    2,
                    3,
                    1,
                    3,
                    1,
                    2,
                    9,
                    8,
                    11,
                    7,
                    1,
                    13,
                    2,
                    2,
                    8,
                    5,
                    1,
                    10,
                    5,
                    7,
                    9,
                    2,
                    9,
                    3,
                    10,
                    3
                ],
                "accuracy": 0.4
            },
            "question": {
                "preds": [
                    5,
                    1,
                    11,
                    2,
                    10,
                    5,
                    5,
                    6,
                    6,
                    5,
                    8,
                    5,
                    5,
                    3,
                    8,
                    7,
                    2,
                    4,
                    10,
                    2,
                    8,
                    1,
                    2,
                    6,
                    2,
                    3,
                    5,
                    3,
                    1,
                    2,
                    9,
                    8,
                    6,
                    9,
                    4,
                    13,
                    3,
                    9,
                    8,
                    5,
                    1,
                    4,
                    5,
                    7,
                    9,
                    2,
                    9,
                    3,
                    10,
                    3
                ],
                "accuracy": 0.42
            },
            "answer": {
                "preds": [
                    5,
                    1,
                    7,
                    1,
                    7,
                    1,
                    5,
                    0,
                    9,
                    2,
                    9,
                    14,
                    0,
                    3,
                    10,
                    7,
                    12,
                    14,
                    2,
                    8,
                    6,
                    10,
                    8,
                    6,
                    9,
                    11,
                    5,
                    10,
                    11,
                    2,
                    1,
                    4,
                    0,
                    2,
                    4,
                    6,
                    2,
                    6,
                    9,
                    14,
                    8,
                    9,
                    11,
                    7,
                    10,
                    0,
                    10,
                    3,
                    7,
                    2
                ],
                "accuracy": 0.08
            }
        },
        "all": {
            "joint": {
                "preds": [
                    6,
                    2,
                    7,
                    2,
                    7,
                    1,
                    8,
                    0,
                    6,
                    2,
                    9,
                    14,
                    0,
                    3,
                    10,
                    11,
                    2,
                    1,
                    6,
                    2,
                    2,
                    10,
                    2,
                    6,
                    3,
                    1,
                    5,
                    10,
                    11,
                    2,
                    1,
                    4,
                    0,
                    2,
                    1,
                    6,
                    2,
                    6,
                    7,
                    14,
                    8,
                    9,
                    11,
                    7,
                    10,
                    0,
                    10,
                    3,
                    10,
                    2
                ],
                "accuracy": 0.26
            },
            "video": {
                "preds": [
                    5,
                    1,
                    13,
                    1,
                    7,
                    5,
                    11,
                    6,
                    6,
                    2,
                    8,
                    5,
                    0,
                    2,
                    8,
                    7,
                    2,
                    4,
                    10,
                    2,
                    8,
                    5,
                    2,
                    6,
                    2,
                    3,
                    1,
                    3,
                    1,
                    2,
                    9,
                    8,
                    11,
                    7,
                    1,
                    13,
                    2,
                    3,
                    8,
                    5,
                    1,
                    10,
                    5,
                    7,
                    9,
                    2,
                    9,
                    3,
                    10,
                    3
                ],
                "accuracy": 0.42
            },
            "question": {
                "preds": [
                    5,
                    1,
                    11,
                    2,
                    10,
                    5,
                    5,
                    6,
                    6,
                    5,
                    8,
                    5,
                    0,
                    3,
                    8,
                    7,
                    2,
                    4,
                    10,
                    2,
                    8,
                    1,
                    2,
                    6,
                    2,
                    3,
                    5,
                    3,
                    1,
                    2,
                    9,
                    8,
                    6,
                    9,
                    4,
                    13,
                    3,
                    9,
                    8,
                    5,
                    1,
                    4,
                    5,
                    7,
                    9,
                    2,
                    9,
                    3,
                    10,
                    3
                ],
                "accuracy": 0.44
            },
            "answer": {
                "preds": [
                    6,
                    2,
                    7,
                    2,
                    7,
                    1,
                    8,
                    0,
                    6,
                    2,
                    9,
                    14,
                    0,
                    3,
                    10,
                    11,
                    2,
                    1,
                    6,
                    2,
                    2,
                    10,
                    2,
                    6,
                    3,
                    1,
                    5,
                    10,
                    11,
                    2,
                    1,
                    4,
                    0,
                    2,
                    1,
                    6,
                    2,
                    6,
                    7,
                    14,
                    8,
                    9,
                    11,
                    7,
                    10,
                    0,
                    10,
                    3,
                    10,
                    2
                ],
                "accuracy": 0.26
            }
        }
    }
}