{
    "nothing": {
        "preds": [
            16,
            1,
            1,
            10,
            23,
            17,
            21,
            0,
            18,
            1,
            2,
            8,
            3,
            21,
            7,
            0,
            2,
            1,
            3,
            0,
            3,
            20,
            2,
            3,
            19,
            15,
            0,
            1,
            7,
            3,
            11,
            15,
            11,
            5,
            9,
            3,
            3,
            6,
            3,
            15,
            5,
            9,
            15,
            17,
            19,
            13,
            4,
            1,
            19,
            19,
            6,
            22,
            0,
            12,
            0,
            3,
            7,
            14,
            23,
            23
        ],
        "accuracy": 0.38333333333333336
    },
    "everything": {
        "joint": {
            "preds": [
                3,
                1,
                1,
                1,
                1,
                1,
                1,
                0,
                1,
                0,
                1,
                1,
                1,
                1,
                1,
                3,
                1,
                1,
                1,
                1,
                1,
                1,
                1,
                1,
                1,
                1,
                1,
                1,
                1,
                1,
                1,
                1,
                1,
                3,
                1,
                1,
                1,
                0,
                1,
                1,
                0,
                1,
                1,
                1,
                1,
                1,
                1,
                1,
                1,
                1,
                0,
                0,
                0,
                1,
                0,
                3,
                1,
                1,
                1,
                1
            ],
            "accuracy": 0.06666666666666667
        },
        "video": {
            "preds": [
                0,
                18,
                1,
                3,
                1,
                3,
                1,
                0,
                18,
                0,
                2,
                0,
                3,
                0,
                1,
                0,
                2,
                2,
                1,
                23,
                3,
                6,
                2,
                0,
                21,
                15,
                19,
                1,
                4,
                21,
                1,
                8,
                11,
                4,
                19,
                0,
                15,
                0,
                0,
                0,
                5,
                1,
                0,
                17,
                18,
                13,
                21,
                16,
                19,
                1,
                16,
                3,
                0,
                1,
                1,
                3,
                2,
                0,
                1,
                0
            ],
            "accuracy": 0.16666666666666666
        },
        "question": {
            "preds": [
                1,
                1,
                1,
                2,
                1,
                2,
                21,
                23,
                18,
                1,
                1,
                1,
                3,
                0,
                18,
                0,
                3,
                1,
                3,
                0,
                3,
                20,
                2,
                2,
                19,
                3,
                0,
                1,
                7,
                3,
                1,
                1,
                1,
                3,
                2,
                3,
                0,
                23,
                1,
                4,
                8,
                3,
                2,
                0,
                19,
                0,
                3,
                1,
                19,
                4,
                1,
                22,
                0,
                1,
                4,
                3,
                0,
                22,
                23,
                23
            ],
            "accuracy": 0.2
        },
        "answer": {
            "preds": [
                3,
                1,
                1,
                1,
                1,
                1,
                1,
                0,
                1,
                0,
                1,
                1,
                1,
                1,
                1,
                3,
                1,
                1,
                1,
                1,
                1,
                1,
                1,
                1,
                1,
                1,
                1,
                1,
                1,
                1,
                1,
                1,
                1,
                3,
                1,
                1,
                1,
                0,
                1,
                1,
                0,
                1,
                1,
                1,
                1,
                1,
                1,
                1,
                1,
                1,
                0,
                0,
                0,
                1,
                0,
                3,
                1,
                1,
                1,
                1
            ],
            "accuracy": 0.06666666666666667
        }
    },
    "positive": {
        "ground_truth": {
            "joint": {
                "preds": [
                    1,
                    18,
                    10,
                    1,
                    19,
                    3,
                    21,
                    1,
                    23,
                    1,
                    3,
                    1,
                    15,
                    21,
                    7,
                    0,
                    2,
                    11,
                    14,
                    12,
                    9,
                    20,
                    4,
                    3,
                    22,
                    23,
                    19,
                    4,
                    20,
                    14,
                    0,
                    15,
                    11,
                    5,
                    0,
                    0,
                    14,
                    6,
                    0,
                    15,
                    8,
                    18,
                    14,
                    17,
                    15,
                    13,
                    20,
                    18,
                    15,
                    19,
                    12,
                    1,
                    0,
                    7,
                    1,
                    5,
                    0,
                    14,
                    0,
                    21
                ],
                "accuracy": 0.0
            },
            "video": {
                "preds": [
                    10,
                    20,
                    2,
                    10,
                    1,
                    3,
                    21,
                    0,
                    18,
                    3,
                    2,
                    8,
                    3,
                    15,
                    7,
                    11,
                    11,
                    1,
                    3,
                    0,
                    3,
                    12,
                    13,
                    0,
                    21,
                    15,
                    0,
                    1,
                    7,
                    3,
                    11,
                    15,
                    11,
                    3,
                    0,
                    0,
                    15,
                    6,
                    0,
                    15,
                    5,
                    1,
                    0,
                    17,
                    4,
                    13,
                    20,
                    16,
                    19,
                    19,
                    12,
                    1,
                    0,
                    1,
                    0,
                    3,
                    0,
                    22,
                    9,
                    23
                ],
                "accuracy": 0.18333333333333332
            },
            "question": {
                "preds": [
                    1,
                    1,
                    10,
                    10,
                    1,
                    2,
                    21,
                    3,
                    18,
                    1,
                    1,
                    1,
                    3,
                    0,
                    1,
                    0,
                    3,
                    1,
                    3,
                    0,
                    3,
                    20,
                    2,
                    2,
                    19,
                    3,
                    0,
                    4,
                    7,
                    3,
                    1,
                    1,
                    11,
                    3,
                    2,
                    3,
                    0,
                    23,
                    1,
                    4,
                    8,
                    3,
                    2,
                    0,
                    19,
                    0,
                    3,
                    1,
                    19,
                    4,
                    1,
                    22,
                    0,
                    1,
                    0,
                    3,
                    0,
                    22,
                    0,
                    23
                ],
                "accuracy": 0.15
            },
            "answer": {
                "preds": [
                    1,
                    18,
                    10,
                    1,
                    19,
                    3,
                    21,
                    1,
                    23,
                    1,
                    3,
                    1,
                    15,
                    21,
                    7,
                    0,
                    2,
                    11,
                    14,
                    12,
                    9,
                    20,
                    4,
                    3,
                    22,
                    23,
                    19,
                    4,
                    20,
                    14,
                    0,
                    15,
                    11,
                    5,
                    0,
                    0,
                    14,
                    6,
                    0,
                    15,
                    8,
                    18,
                    14,
                    17,
                    15,
                    13,
                    20,
                    18,
                    15,
                    19,
                    12,
                    1,
                    0,
                    7,
                    1,
                    5,
                    0,
                    14,
                    0,
                    21
                ],
                "accuracy": 0.0
            }
        },
        "false": {
            "joint": {
                "preds": [
                    16,
                    8,
                    1,
                    1,
                    1,
                    17,
                    21,
                    1,
                    18,
                    19,
                    1,
                    8,
                    3,
                    21,
                    7,
                    0,
                    1,
                    1,
                    3,
                    12,
                    3,
                    20,
                    3,
                    3,
                    21,
                    15,
                    10,
                    4,
                    20,
                    5,
                    10,
                    15,
                    13,
                    5,
                    9,
                    0,
                    15,
                    6,
                    3,
                    15,
                    8,
                    9,
                    15,
                    18,
                    19,
                    13,
                    4,
                    3,
                    20,
                    19,
                    12,
                    22,
                    0,
                    12,
                    4,
                    3,
                    23,
                    14,
                    0,
                    21
                ],
                "accuracy": 0.4166666666666667
            },
            "video": {
                "preds": [
                    16,
                    1,
                    1,
                    10,
                    1,
                    17,
                    21,
                    0,
                    18,
                    0,
                    2,
                    8,
                    3,
                    21,
                    7,
                    12,
                    11,
                    1,
                    3,
                    0,
                    3,
                    20,
                    2,
                    0,
                    21,
                    15,
                    19,
                    1,
                    7,
                    3,
                    11,
                    8,
                    11,
                    3,
                    9,
                    23,
                    3,
                    6,
                    0,
                    9,
                    5,
                    8,
                    15,
                    17,
                    15,
                    13,
                    20,
                    3,
                    19,
                    19,
                    12,
                    22,
                    0,
                    12,
                    21,
                    3,
                    7,
                    1,
                    23,
                    23
                ],
                "accuracy": 0.3333333333333333
            },
            "question": {
                "preds": [
                    16,
                    1,
                    1,
                    10,
                    23,
                    2,
                    21,
                    23,
                    18,
                    1,
                    2,
                    8,
                    3,
                    0,
                    18,
                    0,
                    3,
                    1,
                    3,
                    0,
                    3,
                    20,
                    2,
                    2,
                    19,
                    3,
                    0,
                    1,
                    7,
                    3,
                    1,
                    1,
                    11,
                    3,
                    18,
                    3,
                    3,
                    23,
                    3,
                    4,
                    8,
                    1,
                    2,
                    0,
                    19,
                    0,
                    4,
                    4,
                    19,
                    19,
                    1,
                    10,
                    0,
                    1,
                    0,
                    3,
                    0,
                    22,
                    23,
                    23
                ],
                "accuracy": 0.21666666666666667
            },
            "answer": {
                "preds": [
                    16,
                    8,
                    1,
                    1,
                    1,
                    17,
                    21,
                    1,
                    18,
                    19,
                    1,
                    8,
                    3,
                    21,
                    7,
                    0,
                    1,
                    1,
                    3,
                    12,
                    3,
                    20,
                    3,
                    3,
                    21,
                    15,
                    10,
                    4,
                    20,
                    5,
                    10,
                    15,
                    13,
                    5,
                    9,
                    0,
                    15,
                    6,
                    3,
                    15,
                    8,
                    9,
                    15,
                    18,
                    19,
                    13,
                    4,
                    3,
                    20,
                    19,
                    12,
                    22,
                    0,
                    12,
                    4,
                    3,
                    23,
                    14,
                    0,
                    21
                ],
                "accuracy": 0.4166666666666667
            }
        },
        "all": {
            "joint": {
                "preds": [
                    16,
                    20,
                    0,
                    1,
                    23,
                    17,
                    21,
                    1,
                    18,
                    19,
                    1,
                    8,
                    3,
                    21,
                    7,
                    0,
                    1,
                    11,
                    3,
                    12,
                    9,
                    20,
                    3,
                    3,
                    21,
                    15,
                    10,
                    4,
                    20,
                    14,
                    10,
                    15,
                    13,
                    5,
                    9,
                    23,
                    15,
                    4,
                    0,
                    15,
                    8,
                    18,
                    15,
                    18,
                    19,
                    13,
                    4,
                    18,
                    20,
                    19,
                    6,
                    22,
                    0,
                    14,
                    4,
                    3,
                    23,
                    14,
                    0,
                    21
                ],
                "accuracy": 0.3
            },
            "video": {
                "preds": [
                    16,
                    20,
                    1,
                    10,
                    1,
                    17,
                    21,
                    0,
                    18,
                    0,
                    2,
                    8,
                    3,
                    21,
                    7,
                    0,
                    11,
                    1,
                    3,
                    0,
                    3,
                    20,
                    2,
                    0,
                    21,
                    15,
                    19,
                    1,
                    7,
                    3,
                    11,
                    8,
                    11,
                    3,
                    9,
                    23,
                    3,
                    6,
                    0,
                    9,
                    5,
                    8,
                    15,
                    17,
                    15,
                    13,
                    20,
                    3,
                    19,
                    19,
                    12,
                    22,
                    0,
                    12,
                    21,
                    3,
                    7,
                    1,
                    23,
                    23
                ],
                "accuracy": 0.3333333333333333
            },
            "question": {
                "preds": [
                    16,
                    1,
                    1,
                    10,
                    23,
                    2,
                    21,
                    23,
                    18,
                    1,
                    2,
                    8,
                    3,
                    0,
                    18,
                    0,
                    3,
                    1,
                    3,
                    0,
                    3,
                    20,
                    2,
                    2,
                    19,
                    3,
                    0,
                    1,
                    7,
                    3,
                    1,
                    1,
                    11,
                    3,
                    18,
                    3,
                    3,
                    23,
                    0,
                    4,
                    8,
                    1,
                    2,
                    0,
                    19,
                    0,
                    4,
                    4,
                    19,
                    19,
                    1,
                    10,
                    0,
                    1,
                    0,
                    3,
                    0,
                    22,
                    23,
                    23
                ],
                "accuracy": 0.2
            },
            "answer": {
                "preds": [
                    16,
                    20,
                    0,
                    1,
                    23,
                    17,
                    21,
                    1,
                    18,
                    19,
                    1,
                    8,
                    3,
                    21,
                    7,
                    0,
                    1,
                    11,
                    3,
                    12,
                    9,
                    20,
                    3,
                    3,
                    21,
                    15,
                    10,
                    4,
                    20,
                    14,
                    10,
                    15,
                    13,
                    5,
                    9,
                    23,
                    15,
                    4,
                    0,
                    15,
                    8,
                    18,
                    15,
                    18,
                    19,
                    13,
                    4,
                    18,
                    20,
                    19,
                    6,
                    22,
                    0,
                    14,
                    4,
                    3,
                    23,
                    14,
                    0,
                    21
                ],
                "accuracy": 0.3
            }
        }
    },
    "negative": {
        "ground_truth": {
            "joint": {
                "preds": [
                    16,
                    8,
                    1,
                    0,
                    1,
                    17,
                    1,
                    0,
                    18,
                    1,
                    2,
                    8,
                    3,
                    5,
                    1,
                    0,
                    1,
                    1,
                    3,
                    0,
                    3,
                    12,
                    2,
                    10,
                    19,
                    15,
                    6,
                    1,
                    8,
                    5,
                    11,
                    8,
                    13,
                    3,
                    9,
                    17,
                    3,
                    4,
                    3,
                    9,
                    5,
                    9,
                    15,
                    9,
                    19,
                    16,
                    4,
                    1,
                    20,
                    19,
                    17,
                    22,
                    0,
                    12,
                    1,
                    6,
                    23,
                    6,
                    23,
                    3
                ],
                "accuracy": 0.7
            },
            "video": {
                "preds": [
                    16,
                    18,
                    1,
                    2,
                    23,
                    17,
                    1,
                    0,
                    18,
                    2,
                    2,
                    8,
                    3,
                    21,
                    1,
                    0,
                    11,
                    1,
                    3,
                    0,
                    3,
                    20,
                    2,
                    0,
                    19,
                    15,
                    0,
                    1,
                    4,
                    3,
                    11,
                    8,
                    11,
                    5,
                    9,
                    3,
                    3,
                    6,
                    3,
                    9,
                    5,
                    9,
                    15,
                    17,
                    19,
                    13,
                    4,
                    1,
                    19,
                    19,
                    6,
                    22,
                    0,
                    12,
                    0,
                    3,
                    7,
                    7,
                    23,
                    23
                ],
                "accuracy": 0.43333333333333335
            },
            "question": {
                "preds": [
                    16,
                    18,
                    1,
                    10,
                    23,
                    17,
                    21,
                    0,
                    18,
                    1,
                    2,
                    8,
                    3,
                    21,
                    1,
                    0,
                    3,
                    1,
                    3,
                    0,
                    3,
                    17,
                    2,
                    3,
                    19,
                    15,
                    0,
                    4,
                    7,
                    3,
                    11,
                    15,
                    11,
                    3,
                    9,
                    3,
                    3,
                    6,
                    3,
                    9,
                    5,
                    9,
                    15,
                    17,
                    19,
                    13,
                    4,
                    1,
                    19,
                    19,
                    6,
                    22,
                    0,
                    12,
                    0,
                    3,
                    0,
                    14,
                    23,
                    23
                ],
                "accuracy": 0.38333333333333336
            },
            "answer": {
                "preds": [
                    16,
                    8,
                    1,
                    0,
                    1,
                    17,
                    1,
                    0,
                    18,
                    1,
                    2,
                    8,
                    3,
                    5,
                    1,
                    0,
                    1,
                    1,
                    3,
                    0,
                    3,
                    12,
                    2,
                    10,
                    19,
                    15,
                    6,
                    1,
                    8,
                    5,
                    11,
                    8,
                    13,
                    3,
                    9,
                    17,
                    3,
                    4,
                    3,
                    9,
                    5,
                    9,
                    15,
                    9,
                    19,
                    16,
                    4,
                    1,
                    20,
                    19,
                    17,
                    22,
                    0,
                    12,
                    1,
                    6,
                    23,
                    6,
                    23,
                    3
                ],
                "accuracy": 0.7
            }
        },
        "false": {
            "joint": {
                "preds": [
                    9,
                    18,
                    1,
                    10,
                    1,
                    4,
                    1,
                    0,
                    1,
                    1,
                    2,
                    8,
                    9,
                    0,
                    1,
                    0,
                    2,
                    1,
                    11,
                    0,
                    10,
                    17,
                    2,
                    3,
                    19,
                    15,
                    0,
                    1,
                    7,
                    3,
                    8,
                    1,
                    11,
                    3,
                    0,
                    3,
                    3,
                    1,
                    0,
                    9,
                    10,
                    1,
                    0,
                    17,
                    18,
                    16,
                    20,
                    1,
                    19,
                    1,
                    15,
                    1,
                    0,
                    7,
                    1,
                    10,
                    0,
                    1,
                    1,
                    3
                ],
                "accuracy": 0.15
            },
            "video": {
                "preds": [
                    16,
                    18,
                    1,
                    10,
                    23,
                    17,
                    1,
                    0,
                    18,
                    1,
                    2,
                    8,
                    3,
                    0,
                    1,
                    0,
                    11,
                    1,
                    3,
                    0,
                    3,
                    20,
                    2,
                    0,
                    21,
                    15,
                    0,
                    1,
                    7,
                    3,
                    11,
                    15,
                    11,
                    5,
                    9,
                    3,
                    3,
                    1,
                    3,
                    15,
                    5,
                    9,
                    15,
                    17,
                    19,
                    13,
                    4,
                    1,
                    19,
                    19,
                    0,
                    22,
                    0,
                    12,
                    0,
                    3,
                    0,
                    1,
                    0,
                    23
                ],
                "accuracy": 0.35
            },
            "question": {
                "preds": [
                    10,
                    1,
                    1,
                    10,
                    1,
                    17,
                    21,
                    3,
                    18,
                    1,
                    1,
                    1,
                    3,
                    21,
                    7,
                    0,
                    3,
                    1,
                    3,
                    0,
                    3,
                    20,
                    2,
                    3,
                    19,
                    15,
                    0,
                    4,
                    7,
                    3,
                    1,
                    8,
                    1,
                    3,
                    9,
                    3,
                    0,
                    6,
                    1,
                    15,
                    8,
                    1,
                    2,
                    17,
                    19,
                    0,
                    3,
                    1,
                    19,
                    19,
                    6,
                    22,
                    0,
                    1,
                    1,
                    3,
                    0,
                    14,
                    0,
                    23
                ],
                "accuracy": 0.23333333333333334
            },
            "answer": {
                "preds": [
                    9,
                    18,
                    1,
                    10,
                    1,
                    4,
                    1,
                    0,
                    1,
                    1,
                    2,
                    8,
                    9,
                    0,
                    1,
                    0,
                    2,
                    1,
                    11,
                    0,
                    10,
                    17,
                    2,
                    3,
                    19,
                    15,
                    0,
                    1,
                    7,
                    3,
                    8,
                    1,
                    11,
                    3,
                    0,
                    3,
                    3,
                    1,
                    0,
                    9,
                    10,
                    1,
                    0,
                    17,
                    18,
                    16,
                    20,
                    1,
                    19,
                    1,
                    15,
                    1,
                    0,
                    7,
                    1,
                    10,
                    0,
                    1,
                    1,
                    3
                ],
                "accuracy": 0.15
            }
        },
        "all": {
            "joint": {
                "preds": [
                    9,
                    18,
                    1,
                    10,
                    1,
                    4,
                    1,
                    0,
                    1,
                    1,
                    2,
                    8,
                    9,
                    0,
                    1,
                    0,
                    2,
                    1,
                    11,
                    0,
                    2,
                    17,
                    2,
                    3,
                    19,
                    3,
                    0,
                    1,
                    7,
                    3,
                    8,
                    1,
                    11,
                    3,
                    0,
                    3,
                    3,
                    1,
                    3,
                    9,
                    5,
                    1,
                    0,
                    17,
                    18,
                    16,
                    20,
                    1,
                    19,
                    1,
                    15,
                    1,
                    0,
                    12,
                    1,
                    10,
                    0,
                    1,
                    1,
                    3
                ],
                "accuracy": 0.18333333333333332
            },
            "video": {
                "preds": [
                    16,
                    18,
                    1,
                    10,
                    23,
                    17,
                    1,
                    0,
                    18,
                    1,
                    2,
                    8,
                    3,
                    0,
                    1,
                    0,
                    11,
                    1,
                    3,
                    0,
                    3,
                    20,
                    2,
                    0,
                    21,
                    15,
                    0,
                    1,
                    7,
                    3,
                    11,
                    15,
                    11,
                    5,
                    9,
                    3,
                    3,
                    1,
                    3,
                    9,
                    5,
                    9,
                    15,
                    17,
                    19,
                    13,
                    4,
                    1,
                    19,
                    19,
                    0,
                    22,
                    0,
                    12,
                    0,
                    3,
                    0,
                    1,
                    0,
                    23
                ],
                "accuracy": 0.36666666666666664
            },
            "question": {
                "preds": [
                    10,
                    1,
                    1,
                    10,
                    1,
                    17,
                    21,
                    3,
                    18,
                    1,
                    1,
                    1,
                    3,
                    21,
                    7,
                    0,
                    3,
                    1,
                    3,
                    0,
                    3,
                    20,
                    2,
                    3,
                    19,
                    15,
                    0,
                    4,
                    7,
                    3,
                    1,
                    8,
                    1,
                    3,
                    9,
                    3,
                    0,
                    6,
                    10,
                    15,
                    8,
                    1,
                    2,
                    17,
                    19,
                    0,
                    3,
                    1,
                    19,
                    19,
                    6,
                    22,
                    0,
                    1,
                    1,
                    3,
                    0,
                    14,
                    0,
                    23
                ],
                "accuracy": 0.23333333333333334
            },
            "answer": {
                "preds": [
                    9,
                    18,
                    1,
                    10,
                    1,
                    4,
                    1,
                    0,
                    1,
                    1,
                    2,
                    8,
                    9,
                    0,
                    1,
                    0,
                    2,
                    1,
                    11,
                    0,
                    2,
                    17,
                    2,
                    3,
                    19,
                    3,
                    0,
                    1,
                    7,
                    3,
                    8,
                    1,
                    11,
                    3,
                    0,
                    3,
                    3,
                    1,
                    3,
                    9,
                    5,
                    1,
                    0,
                    17,
                    18,
                    16,
                    20,
                    1,
                    19,
                    1,
                    15,
                    1,
                    0,
                    12,
                    1,
                    10,
                    0,
                    1,
                    1,
                    3
                ],
                "accuracy": 0.18333333333333332
            }
        }
    }
}