{
    "nothing": {
        "preds": [
            12,
            18,
            1,
            10,
            23,
            3,
            21,
            3,
            18,
            19,
            2,
            8,
            3,
            21,
            7,
            15,
            11,
            1,
            3,
            0,
            3,
            12,
            3,
            9,
            22,
            15,
            19,
            1,
            7,
            3,
            8,
            8,
            11,
            3,
            9,
            17,
            3,
            6,
            22,
            9,
            5,
            18,
            15,
            10,
            4,
            13,
            3,
            18,
            17,
            19,
            12,
            1,
            0,
            12,
            20,
            3,
            8,
            22,
            0,
            23
        ],
        "accuracy": 0.3
    },
    "everything": {
        "joint": {
            "preds": [
                3,
                3,
                3,
                3,
                0,
                0,
                1,
                3,
                0,
                3,
                3,
                0,
                3,
                0,
                3,
                3,
                2,
                0,
                0,
                3,
                3,
                0,
                0,
                0,
                0,
                0,
                0,
                0,
                3,
                3,
                3,
                0,
                3,
                1,
                3,
                0,
                0,
                0,
                3,
                0,
                3,
                3,
                3,
                3,
                3,
                2,
                3,
                0,
                0,
                3,
                3,
                0,
                0,
                2,
                0,
                0,
                0,
                0,
                3,
                3
            ],
            "accuracy": 0.05
        },
        "video": {
            "preds": [
                0,
                1,
                1,
                7,
                23,
                3,
                23,
                2,
                15,
                19,
                2,
                6,
                15,
                12,
                7,
                0,
                2,
                11,
                17,
                0,
                17,
                17,
                3,
                2,
                6,
                15,
                6,
                1,
                3,
                3,
                8,
                15,
                11,
                0,
                18,
                0,
                3,
                6,
                22,
                20,
                5,
                18,
                0,
                10,
                4,
                13,
                21,
                0,
                19,
                11,
                3,
                1,
                0,
                12,
                5,
                3,
                0,
                6,
                0,
                9
            ],
            "accuracy": 0.15
        },
        "question": {
            "preds": [
                10,
                18,
                2,
                2,
                1,
                2,
                21,
                23,
                18,
                19,
                18,
                8,
                3,
                21,
                18,
                15,
                20,
                19,
                3,
                0,
                3,
                12,
                3,
                2,
                1,
                15,
                19,
                1,
                3,
                3,
                18,
                3,
                13,
                3,
                18,
                3,
                3,
                6,
                3,
                19,
                10,
                3,
                15,
                10,
                4,
                4,
                3,
                16,
                17,
                19,
                12,
                1,
                0,
                10,
                20,
                3,
                8,
                22,
                0,
                23
            ],
            "accuracy": 0.23333333333333334
        },
        "answer": {
            "preds": [
                3,
                3,
                3,
                3,
                0,
                0,
                1,
                3,
                0,
                3,
                3,
                0,
                3,
                0,
                3,
                3,
                2,
                0,
                0,
                3,
                3,
                0,
                0,
                0,
                0,
                0,
                0,
                0,
                3,
                3,
                3,
                0,
                3,
                1,
                3,
                0,
                0,
                0,
                3,
                0,
                3,
                3,
                3,
                3,
                3,
                2,
                3,
                0,
                0,
                3,
                3,
                0,
                0,
                2,
                0,
                0,
                0,
                0,
                3,
                3
            ],
            "accuracy": 0.05
        }
    },
    "positive": {
        "ground_truth": {
            "joint": {
                "preds": [
                    12,
                    18,
                    2,
                    10,
                    21,
                    3,
                    21,
                    0,
                    15,
                    4,
                    2,
                    0,
                    15,
                    12,
                    7,
                    11,
                    2,
                    1,
                    17,
                    15,
                    17,
                    20,
                    17,
                    8,
                    22,
                    6,
                    19,
                    23,
                    7,
                    3,
                    8,
                    17,
                    11,
                    3,
                    18,
                    0,
                    3,
                    6,
                    3,
                    0,
                    8,
                    3,
                    18,
                    18,
                    4,
                    13,
                    20,
                    18,
                    17,
                    19,
                    12,
                    3,
                    0,
                    14,
                    0,
                    3,
                    8,
                    0,
                    0,
                    23
                ],
                "accuracy": 0.016666666666666666
            },
            "video": {
                "preds": [
                    12,
                    1,
                    1,
                    10,
                    23,
                    3,
                    21,
                    15,
                    15,
                    21,
                    2,
                    8,
                    3,
                    21,
                    7,
                    15,
                    3,
                    1,
                    3,
                    0,
                    3,
                    12,
                    3,
                    9,
                    22,
                    15,
                    19,
                    1,
                    7,
                    3,
                    8,
                    8,
                    11,
                    3,
                    18,
                    3,
                    3,
                    6,
                    22,
                    9,
                    5,
                    18,
                    0,
                    10,
                    4,
                    13,
                    3,
                    18,
                    19,
                    19,
                    12,
                    1,
                    0,
                    12,
                    20,
                    3,
                    8,
                    22,
                    0,
                    23
                ],
                "accuracy": 0.21666666666666667
            },
            "question": {
                "preds": [
                    10,
                    18,
                    10,
                    10,
                    1,
                    3,
                    21,
                    23,
                    18,
                    19,
                    2,
                    8,
                    15,
                    21,
                    18,
                    15,
                    3,
                    19,
                    3,
                    0,
                    3,
                    12,
                    3,
                    2,
                    1,
                    15,
                    19,
                    1,
                    7,
                    3,
                    1,
                    13,
                    13,
                    3,
                    18,
                    3,
                    3,
                    6,
                    3,
                    19,
                    8,
                    3,
                    15,
                    10,
                    4,
                    4,
                    7,
                    16,
                    17,
                    19,
                    12,
                    1,
                    0,
                    10,
                    20,
                    3,
                    8,
                    6,
                    0,
                    23
                ],
                "accuracy": 0.21666666666666667
            },
            "answer": {
                "preds": [
                    12,
                    18,
                    2,
                    10,
                    21,
                    3,
                    21,
                    0,
                    15,
                    4,
                    2,
                    0,
                    15,
                    12,
                    7,
                    11,
                    2,
                    1,
                    17,
                    15,
                    17,
                    20,
                    17,
                    8,
                    22,
                    6,
                    19,
                    23,
                    7,
                    3,
                    8,
                    17,
                    11,
                    3,
                    18,
                    0,
                    3,
                    6,
                    3,
                    0,
                    8,
                    3,
                    18,
                    18,
                    4,
                    13,
                    20,
                    18,
                    17,
                    19,
                    12,
                    3,
                    0,
                    14,
                    0,
                    3,
                    8,
                    0,
                    0,
                    23
                ],
                "accuracy": 0.016666666666666666
            }
        },
        "false": {
            "joint": {
                "preds": [
                    12,
                    20,
                    1,
                    2,
                    19,
                    3,
                    21,
                    0,
                    3,
                    19,
                    2,
                    0,
                    3,
                    21,
                    7,
                    11,
                    3,
                    1,
                    3,
                    0,
                    3,
                    17,
                    3,
                    2,
                    22,
                    15,
                    10,
                    16,
                    20,
                    3,
                    11,
                    3,
                    11,
                    3,
                    9,
                    17,
                    8,
                    6,
                    3,
                    9,
                    5,
                    8,
                    2,
                    10,
                    4,
                    13,
                    20,
                    3,
                    16,
                    19,
                    12,
                    1,
                    11,
                    14,
                    0,
                    3,
                    3,
                    0,
                    0,
                    3
                ],
                "accuracy": 0.21666666666666667
            },
            "video": {
                "preds": [
                    10,
                    18,
                    1,
                    10,
                    23,
                    3,
                    21,
                    15,
                    18,
                    19,
                    2,
                    8,
                    3,
                    12,
                    7,
                    15,
                    3,
                    1,
                    3,
                    0,
                    3,
                    12,
                    3,
                    9,
                    22,
                    6,
                    19,
                    1,
                    7,
                    3,
                    8,
                    8,
                    11,
                    3,
                    9,
                    3,
                    3,
                    4,
                    22,
                    9,
                    5,
                    18,
                    0,
                    10,
                    4,
                    13,
                    3,
                    3,
                    19,
                    19,
                    12,
                    22,
                    0,
                    12,
                    20,
                    3,
                    7,
                    22,
                    0,
                    23
                ],
                "accuracy": 0.2833333333333333
            },
            "question": {
                "preds": [
                    10,
                    18,
                    1,
                    2,
                    1,
                    2,
                    21,
                    3,
                    18,
                    19,
                    2,
                    8,
                    3,
                    21,
                    7,
                    15,
                    20,
                    19,
                    3,
                    0,
                    3,
                    17,
                    2,
                    2,
                    1,
                    3,
                    0,
                    1,
                    7,
                    3,
                    1,
                    8,
                    11,
                    3,
                    18,
                    3,
                    3,
                    6,
                    3,
                    9,
                    10,
                    3,
                    15,
                    10,
                    4,
                    0,
                    3,
                    16,
                    17,
                    19,
                    12,
                    1,
                    0,
                    10,
                    20,
                    3,
                    8,
                    6,
                    0,
                    23
                ],
                "accuracy": 0.21666666666666667
            },
            "answer": {
                "preds": [
                    12,
                    20,
                    1,
                    2,
                    19,
                    3,
                    21,
                    0,
                    3,
                    19,
                    2,
                    0,
                    3,
                    21,
                    7,
                    11,
                    3,
                    1,
                    3,
                    0,
                    3,
                    17,
                    3,
                    2,
                    22,
                    15,
                    10,
                    16,
                    20,
                    3,
                    11,
                    3,
                    11,
                    3,
                    9,
                    17,
                    8,
                    6,
                    3,
                    9,
                    5,
                    8,
                    2,
                    10,
                    4,
                    13,
                    20,
                    3,
                    16,
                    19,
                    12,
                    1,
                    11,
                    14,
                    0,
                    3,
                    3,
                    0,
                    0,
                    3
                ],
                "accuracy": 0.21666666666666667
            }
        },
        "all": {
            "joint": {
                "preds": [
                    12,
                    20,
                    1,
                    10,
                    19,
                    3,
                    21,
                    0,
                    3,
                    19,
                    2,
                    0,
                    3,
                    0,
                    7,
                    11,
                    3,
                    1,
                    3,
                    0,
                    3,
                    17,
                    3,
                    2,
                    22,
                    15,
                    19,
                    16,
                    20,
                    3,
                    8,
                    3,
                    11,
                    3,
                    9,
                    7,
                    8,
                    6,
                    3,
                    9,
                    8,
                    8,
                    2,
                    10,
                    4,
                    13,
                    20,
                    3,
                    16,
                    19,
                    12,
                    1,
                    11,
                    14,
                    0,
                    3,
                    8,
                    0,
                    0,
                    3
                ],
                "accuracy": 0.16666666666666666
            },
            "video": {
                "preds": [
                    12,
                    18,
                    1,
                    10,
                    23,
                    3,
                    21,
                    15,
                    18,
                    19,
                    2,
                    8,
                    3,
                    12,
                    7,
                    15,
                    3,
                    1,
                    3,
                    0,
                    3,
                    12,
                    3,
                    9,
                    22,
                    6,
                    19,
                    1,
                    7,
                    3,
                    8,
                    8,
                    11,
                    3,
                    9,
                    3,
                    3,
                    4,
                    22,
                    9,
                    5,
                    18,
                    0,
                    10,
                    4,
                    13,
                    3,
                    3,
                    19,
                    19,
                    12,
                    22,
                    0,
                    12,
                    20,
                    3,
                    7,
                    22,
                    0,
                    23
                ],
                "accuracy": 0.2833333333333333
            },
            "question": {
                "preds": [
                    10,
                    18,
                    1,
                    2,
                    1,
                    2,
                    21,
                    3,
                    18,
                    19,
                    2,
                    8,
                    3,
                    21,
                    7,
                    15,
                    20,
                    19,
                    3,
                    0,
                    3,
                    17,
                    2,
                    2,
                    1,
                    15,
                    0,
                    1,
                    7,
                    3,
                    1,
                    8,
                    11,
                    3,
                    18,
                    3,
                    3,
                    6,
                    3,
                    19,
                    10,
                    3,
                    15,
                    10,
                    4,
                    0,
                    12,
                    16,
                    17,
                    19,
                    12,
                    1,
                    0,
                    10,
                    20,
                    3,
                    8,
                    6,
                    0,
                    23
                ],
                "accuracy": 0.21666666666666667
            },
            "answer": {
                "preds": [
                    12,
                    20,
                    1,
                    10,
                    19,
                    3,
                    21,
                    0,
                    3,
                    19,
                    2,
                    0,
                    3,
                    0,
                    7,
                    11,
                    3,
                    1,
                    3,
                    0,
                    3,
                    17,
                    3,
                    2,
                    22,
                    15,
                    19,
                    16,
                    20,
                    3,
                    8,
                    3,
                    11,
                    3,
                    9,
                    7,
                    8,
                    6,
                    3,
                    9,
                    8,
                    8,
                    2,
                    10,
                    4,
                    13,
                    20,
                    3,
                    16,
                    19,
                    12,
                    1,
                    11,
                    14,
                    0,
                    3,
                    8,
                    0,
                    0,
                    3
                ],
                "accuracy": 0.16666666666666666
            }
        }
    },
    "negative": {
        "ground_truth": {
            "joint": {
                "preds": [
                    2,
                    8,
                    1,
                    13,
                    23,
                    17,
                    14,
                    3,
                    18,
                    19,
                    2,
                    8,
                    3,
                    21,
                    15,
                    15,
                    20,
                    11,
                    3,
                    23,
                    3,
                    12,
                    3,
                    2,
                    19,
                    15,
                    6,
                    1,
                    8,
                    3,
                    11,
                    8,
                    13,
                    0,
                    9,
                    17,
                    14,
                    4,
                    0,
                    9,
                    5,
                    8,
                    15,
                    10,
                    19,
                    17,
                    4,
                    1,
                    20,
                    10,
                    17,
                    22,
                    0,
                    12,
                    21,
                    6,
                    23,
                    6,
                    9,
                    3
                ],
                "accuracy": 0.6166666666666667
            },
            "video": {
                "preds": [
                    10,
                    18,
                    1,
                    2,
                    23,
                    3,
                    14,
                    15,
                    18,
                    19,
                    2,
                    8,
                    3,
                    12,
                    7,
                    2,
                    11,
                    1,
                    3,
                    0,
                    3,
                    12,
                    3,
                    9,
                    22,
                    6,
                    19,
                    1,
                    7,
                    3,
                    11,
                    8,
                    11,
                    6,
                    9,
                    17,
                    3,
                    4,
                    22,
                    9,
                    5,
                    18,
                    15,
                    10,
                    4,
                    13,
                    3,
                    18,
                    17,
                    19,
                    12,
                    22,
                    12,
                    12,
                    11,
                    3,
                    8,
                    6,
                    0,
                    23
                ],
                "accuracy": 0.4
            },
            "question": {
                "preds": [
                    12,
                    18,
                    1,
                    2,
                    23,
                    3,
                    21,
                    2,
                    18,
                    19,
                    2,
                    8,
                    3,
                    21,
                    18,
                    15,
                    20,
                    1,
                    3,
                    0,
                    3,
                    12,
                    3,
                    9,
                    6,
                    15,
                    19,
                    1,
                    7,
                    3,
                    8,
                    17,
                    11,
                    9,
                    9,
                    17,
                    3,
                    4,
                    22,
                    9,
                    5,
                    18,
                    15,
                    10,
                    19,
                    0,
                    3,
                    18,
                    16,
                    19,
                    12,
                    1,
                    0,
                    12,
                    20,
                    3,
                    8,
                    22,
                    0,
                    23
                ],
                "accuracy": 0.31666666666666665
            },
            "answer": {
                "preds": [
                    2,
                    8,
                    1,
                    13,
                    23,
                    17,
                    14,
                    3,
                    18,
                    19,
                    2,
                    8,
                    3,
                    21,
                    15,
                    15,
                    20,
                    11,
                    3,
                    23,
                    3,
                    12,
                    3,
                    2,
                    19,
                    15,
                    6,
                    1,
                    8,
                    3,
                    11,
                    8,
                    13,
                    0,
                    9,
                    17,
                    14,
                    4,
                    0,
                    9,
                    5,
                    8,
                    15,
                    10,
                    19,
                    17,
                    4,
                    1,
                    20,
                    10,
                    17,
                    22,
                    0,
                    12,
                    21,
                    6,
                    23,
                    6,
                    9,
                    3
                ],
                "accuracy": 0.6166666666666667
            }
        },
        "false": {
            "joint": {
                "preds": [
                    2,
                    1,
                    2,
                    13,
                    23,
                    3,
                    14,
                    2,
                    18,
                    8,
                    2,
                    8,
                    9,
                    12,
                    21,
                    12,
                    11,
                    12,
                    19,
                    23,
                    2,
                    12,
                    2,
                    9,
                    19,
                    6,
                    0,
                    4,
                    4,
                    3,
                    11,
                    8,
                    11,
                    6,
                    0,
                    3,
                    3,
                    3,
                    0,
                    15,
                    9,
                    18,
                    15,
                    3,
                    8,
                    0,
                    4,
                    18,
                    5,
                    2,
                    12,
                    10,
                    0,
                    12,
                    20,
                    5,
                    3,
                    22,
                    1,
                    3
                ],
                "accuracy": 0.18333333333333332
            },
            "video": {
                "preds": [
                    12,
                    18,
                    1,
                    10,
                    23,
                    3,
                    14,
                    15,
                    15,
                    19,
                    2,
                    8,
                    3,
                    12,
                    7,
                    2,
                    11,
                    1,
                    3,
                    0,
                    3,
                    12,
                    3,
                    9,
                    6,
                    15,
                    19,
                    1,
                    7,
                    3,
                    8,
                    8,
                    11,
                    6,
                    0,
                    17,
                    3,
                    6,
                    22,
                    9,
                    5,
                    18,
                    15,
                    10,
                    4,
                    13,
                    3,
                    18,
                    19,
                    19,
                    12,
                    1,
                    0,
                    12,
                    20,
                    3,
                    8,
                    6,
                    0,
                    23
                ],
                "accuracy": 0.3
            },
            "question": {
                "preds": [
                    12,
                    18,
                    10,
                    10,
                    23,
                    2,
                    21,
                    2,
                    18,
                    19,
                    1,
                    8,
                    3,
                    21,
                    18,
                    15,
                    11,
                    1,
                    3,
                    0,
                    3,
                    12,
                    3,
                    9,
                    6,
                    15,
                    0,
                    1,
                    7,
                    3,
                    1,
                    13,
                    13,
                    3,
                    9,
                    3,
                    3,
                    6,
                    22,
                    19,
                    5,
                    18,
                    15,
                    10,
                    4,
                    13,
                    3,
                    16,
                    17,
                    19,
                    12,
                    1,
                    0,
                    10,
                    20,
                    3,
                    8,
                    22,
                    0,
                    23
                ],
                "accuracy": 0.23333333333333334
            },
            "answer": {
                "preds": [
                    2,
                    1,
                    2,
                    13,
                    23,
                    3,
                    14,
                    2,
                    18,
                    8,
                    2,
                    8,
                    9,
                    12,
                    21,
                    12,
                    11,
                    12,
                    19,
                    23,
                    2,
                    12,
                    2,
                    9,
                    19,
                    6,
                    0,
                    4,
                    4,
                    3,
                    11,
                    8,
                    11,
                    6,
                    0,
                    3,
                    3,
                    3,
                    0,
                    15,
                    9,
                    18,
                    15,
                    3,
                    8,
                    0,
                    4,
                    18,
                    5,
                    2,
                    12,
                    10,
                    0,
                    12,
                    20,
                    5,
                    3,
                    22,
                    1,
                    3
                ],
                "accuracy": 0.18333333333333332
            }
        },
        "all": {
            "joint": {
                "preds": [
                    2,
                    1,
                    2,
                    13,
                    23,
                    17,
                    14,
                    2,
                    18,
                    8,
                    2,
                    8,
                    9,
                    5,
                    21,
                    12,
                    11,
                    12,
                    3,
                    23,
                    3,
                    12,
                    2,
                    11,
                    19,
                    15,
                    0,
                    17,
                    4,
                    3,
                    11,
                    8,
                    13,
                    6,
                    0,
                    3,
                    3,
                    3,
                    0,
                    15,
                    9,
                    9,
                    15,
                    3,
                    8,
                    0,
                    4,
                    18,
                    5,
                    2,
                    12,
                    10,
                    0,
                    12,
                    20,
                    5,
                    3,
                    22,
                    1,
                    3
                ],
                "accuracy": 0.3
            },
            "video": {
                "preds": [
                    9,
                    18,
                    1,
                    10,
                    23,
                    3,
                    14,
                    15,
                    15,
                    19,
                    2,
                    8,
                    3,
                    12,
                    7,
                    2,
                    11,
                    1,
                    3,
                    0,
                    3,
                    12,
                    3,
                    9,
                    6,
                    15,
                    19,
                    1,
                    7,
                    3,
                    8,
                    8,
                    11,
                    6,
                    0,
                    17,
                    3,
                    6,
                    22,
                    9,
                    5,
                    18,
                    15,
                    10,
                    4,
                    13,
                    3,
                    18,
                    19,
                    19,
                    12,
                    1,
                    0,
                    12,
                    20,
                    3,
                    8,
                    6,
                    0,
                    23
                ],
                "accuracy": 0.3
            },
            "question": {
                "preds": [
                    12,
                    18,
                    10,
                    10,
                    23,
                    3,
                    21,
                    2,
                    18,
                    19,
                    1,
                    8,
                    3,
                    21,
                    18,
                    15,
                    11,
                    1,
                    3,
                    0,
                    3,
                    12,
                    3,
                    9,
                    6,
                    15,
                    0,
                    1,
                    7,
                    3,
                    1,
                    13,
                    13,
                    3,
                    9,
                    3,
                    3,
                    6,
                    22,
                    19,
                    5,
                    18,
                    15,
                    10,
                    4,
                    13,
                    3,
                    16,
                    17,
                    19,
                    12,
                    1,
                    0,
                    10,
                    20,
                    3,
                    8,
                    22,
                    1,
                    23
                ],
                "accuracy": 0.23333333333333334
            },
            "answer": {
                "preds": [
                    2,
                    1,
                    2,
                    13,
                    23,
                    17,
                    14,
                    2,
                    18,
                    8,
                    2,
                    8,
                    9,
                    5,
                    21,
                    12,
                    11,
                    12,
                    3,
                    23,
                    3,
                    12,
                    2,
                    11,
                    19,
                    15,
                    0,
                    17,
                    4,
                    3,
                    11,
                    8,
                    13,
                    6,
                    0,
                    3,
                    3,
                    3,
                    0,
                    15,
                    9,
                    9,
                    15,
                    3,
                    8,
                    0,
                    4,
                    18,
                    5,
                    2,
                    12,
                    10,
                    0,
                    12,
                    20,
                    5,
                    3,
                    22,
                    1,
                    3
                ],
                "accuracy": 0.3
            }
        }
    }
}