{
    "nothing": {
        "preds": [
            5,
            1,
            11,
            1,
            10,
            0,
            11,
            2,
            6,
            3,
            8,
            5,
            0,
            13,
            2,
            11,
            2,
            4,
            10,
            2,
            8,
            5,
            2,
            14,
            2,
            3,
            12,
            14,
            14,
            2,
            1,
            0,
            0,
            1,
            10,
            2,
            2,
            2,
            8,
            1,
            14,
            4,
            3,
            3,
            0,
            2,
            9,
            1,
            10,
            12
        ],
        "accuracy": 0.66
    },
    "everything": {
        "joint": {
            "preds": [
                1,
                1,
                1,
                3,
                1,
                1,
                1,
                1,
                1,
                2,
                2,
                2,
                1,
                1,
                1,
                1,
                2,
                1,
                3,
                1,
                1,
                1,
                1,
                2,
                3,
                2,
                1,
                1,
                1,
                1,
                1,
                1,
                1,
                1,
                1,
                2,
                1,
                0,
                1,
                1,
                1,
                1,
                3,
                3,
                3,
                3,
                1,
                1,
                2,
                1
            ],
            "accuracy": 0.12
        },
        "video": {
            "preds": [
                5,
                2,
                13,
                2,
                0,
                5,
                11,
                0,
                6,
                2,
                7,
                2,
                0,
                2,
                1,
                8,
                2,
                4,
                0,
                9,
                14,
                2,
                2,
                14,
                2,
                0,
                2,
                1,
                14,
                2,
                3,
                0,
                11,
                1,
                13,
                2,
                2,
                14,
                13,
                9,
                14,
                10,
                0,
                3,
                9,
                0,
                9,
                3,
                4,
                0
            ],
            "accuracy": 0.32
        },
        "question": {
            "preds": [
                1,
                7,
                11,
                2,
                10,
                5,
                5,
                0,
                1,
                3,
                8,
                5,
                0,
                13,
                13,
                11,
                2,
                4,
                10,
                2,
                8,
                5,
                2,
                14,
                2,
                3,
                12,
                14,
                14,
                2,
                1,
                0,
                0,
                1,
                4,
                13,
                3,
                0,
                13,
                1,
                14,
                4,
                3,
                3,
                0,
                2,
                9,
                1,
                10,
                12
            ],
            "accuracy": 0.66
        },
        "answer": {
            "preds": [
                1,
                1,
                1,
                3,
                1,
                1,
                1,
                1,
                1,
                2,
                2,
                2,
                1,
                1,
                1,
                1,
                2,
                1,
                3,
                1,
                1,
                1,
                1,
                2,
                3,
                2,
                1,
                1,
                1,
                1,
                1,
                1,
                1,
                1,
                1,
                2,
                1,
                0,
                1,
                1,
                1,
                1,
                3,
                3,
                3,
                3,
                1,
                1,
                2,
                1
            ],
            "accuracy": 0.12
        }
    },
    "positive": {
        "ground_truth": {
            "joint": {
                "preds": [
                    13,
                    7,
                    7,
                    8,
                    13,
                    11,
                    4,
                    2,
                    10,
                    3,
                    2,
                    14,
                    9,
                    14,
                    9,
                    9,
                    13,
                    14,
                    13,
                    13,
                    14,
                    9,
                    13,
                    9,
                    6,
                    7,
                    8,
                    10,
                    14,
                    2,
                    14,
                    12,
                    11,
                    9,
                    13,
                    2,
                    3,
                    3,
                    13,
                    12,
                    1,
                    4,
                    10,
                    3,
                    6,
                    14,
                    10,
                    3,
                    9,
                    7
                ],
                "accuracy": 0.0
            },
            "video": {
                "preds": [
                    5,
                    1,
                    11,
                    1,
                    10,
                    5,
                    11,
                    2,
                    10,
                    3,
                    8,
                    5,
                    0,
                    13,
                    9,
                    11,
                    2,
                    4,
                    2,
                    2,
                    8,
                    1,
                    2,
                    14,
                    2,
                    3,
                    12,
                    14,
                    14,
                    2,
                    1,
                    0,
                    0,
                    1,
                    4,
                    2,
                    2,
                    2,
                    13,
                    1,
                    1,
                    4,
                    3,
                    3,
                    0,
                    14,
                    9,
                    3,
                    13,
                    12
                ],
                "accuracy": 0.5
            },
            "question": {
                "preds": [
                    5,
                    7,
                    11,
                    2,
                    10,
                    5,
                    5,
                    2,
                    10,
                    5,
                    8,
                    5,
                    0,
                    13,
                    13,
                    11,
                    2,
                    4,
                    10,
                    2,
                    8,
                    5,
                    2,
                    14,
                    2,
                    3,
                    12,
                    14,
                    14,
                    2,
                    1,
                    0,
                    3,
                    1,
                    10,
                    13,
                    3,
                    0,
                    13,
                    1,
                    14,
                    4,
                    3,
                    3,
                    0,
                    2,
                    9,
                    1,
                    10,
                    12
                ],
                "accuracy": 0.68
            },
            "answer": {
                "preds": [
                    13,
                    7,
                    7,
                    8,
                    13,
                    11,
                    4,
                    2,
                    10,
                    3,
                    2,
                    14,
                    9,
                    14,
                    9,
                    9,
                    13,
                    14,
                    13,
                    13,
                    14,
                    9,
                    13,
                    9,
                    6,
                    7,
                    8,
                    10,
                    14,
                    2,
                    14,
                    12,
                    11,
                    9,
                    13,
                    2,
                    3,
                    3,
                    13,
                    12,
                    1,
                    4,
                    10,
                    3,
                    6,
                    14,
                    10,
                    3,
                    9,
                    7
                ],
                "accuracy": 0.0
            }
        },
        "false": {
            "joint": {
                "preds": [
                    6,
                    12,
                    11,
                    2,
                    13,
                    5,
                    5,
                    2,
                    6,
                    5,
                    8,
                    14,
                    8,
                    13,
                    13,
                    7,
                    13,
                    14,
                    10,
                    13,
                    14,
                    5,
                    13,
                    14,
                    2,
                    3,
                    12,
                    14,
                    14,
                    11,
                    9,
                    8,
                    11,
                    1,
                    13,
                    13,
                    13,
                    14,
                    13,
                    1,
                    14,
                    9,
                    3,
                    3,
                    9,
                    14,
                    9,
                    1,
                    10,
                    12
                ],
                "accuracy": 0.58
            },
            "video": {
                "preds": [
                    5,
                    1,
                    11,
                    2,
                    10,
                    0,
                    11,
                    2,
                    6,
                    3,
                    8,
                    5,
                    0,
                    13,
                    13,
                    11,
                    2,
                    4,
                    10,
                    2,
                    8,
                    5,
                    2,
                    14,
                    2,
                    3,
                    12,
                    14,
                    14,
                    2,
                    1,
                    0,
                    0,
                    1,
                    4,
                    13,
                    2,
                    2,
                    13,
                    1,
                    1,
                    4,
                    3,
                    3,
                    0,
                    2,
                    9,
                    1,
                    10,
                    12
                ],
                "accuracy": 0.66
            },
            "question": {
                "preds": [
                    5,
                    7,
                    11,
                    2,
                    10,
                    5,
                    5,
                    2,
                    6,
                    3,
                    8,
                    5,
                    5,
                    13,
                    2,
                    11,
                    2,
                    4,
                    10,
                    2,
                    8,
                    5,
                    2,
                    7,
                    2,
                    3,
                    12,
                    14,
                    14,
                    2,
                    1,
                    0,
                    3,
                    1,
                    10,
                    13,
                    2,
                    0,
                    13,
                    1,
                    14,
                    4,
                    3,
                    3,
                    0,
                    2,
                    9,
                    1,
                    10,
                    12
                ],
                "accuracy": 0.62
            },
            "answer": {
                "preds": [
                    6,
                    12,
                    11,
                    2,
                    13,
                    5,
                    5,
                    2,
                    6,
                    5,
                    8,
                    14,
                    8,
                    13,
                    13,
                    7,
                    13,
                    14,
                    10,
                    13,
                    14,
                    5,
                    13,
                    14,
                    2,
                    3,
                    12,
                    14,
                    14,
                    11,
                    9,
                    8,
                    11,
                    1,
                    13,
                    13,
                    13,
                    14,
                    13,
                    1,
                    14,
                    9,
                    3,
                    3,
                    9,
                    14,
                    9,
                    1,
                    10,
                    12
                ],
                "accuracy": 0.58
            }
        },
        "all": {
            "joint": {
                "preds": [
                    13,
                    12,
                    11,
                    2,
                    13,
                    5,
                    5,
                    2,
                    6,
                    5,
                    8,
                    14,
                    9,
                    13,
                    13,
                    9,
                    13,
                    14,
                    10,
                    13,
                    14,
                    5,
                    13,
                    14,
                    2,
                    3,
                    12,
                    14,
                    14,
                    11,
                    9,
                    12,
                    11,
                    9,
                    13,
                    13,
                    13,
                    14,
                    13,
                    1,
                    14,
                    4,
                    3,
                    3,
                    9,
                    14,
                    9,
                    1,
                    9,
                    12
                ],
                "accuracy": 0.5
            },
            "video": {
                "preds": [
                    5,
                    1,
                    11,
                    2,
                    10,
                    0,
                    11,
                    2,
                    6,
                    3,
                    8,
                    5,
                    0,
                    13,
                    13,
                    11,
                    2,
                    4,
                    10,
                    2,
                    8,
                    5,
                    2,
                    14,
                    2,
                    3,
                    12,
                    14,
                    14,
                    2,
                    1,
                    0,
                    0,
                    1,
                    4,
                    13,
                    2,
                    2,
                    13,
                    1,
                    14,
                    4,
                    3,
                    3,
                    0,
                    2,
                    9,
                    1,
                    13,
                    12
                ],
                "accuracy": 0.66
            },
            "question": {
                "preds": [
                    5,
                    7,
                    11,
                    2,
                    10,
                    5,
                    5,
                    2,
                    6,
                    3,
                    8,
                    5,
                    5,
                    13,
                    2,
                    11,
                    2,
                    4,
                    10,
                    2,
                    8,
                    5,
                    2,
                    14,
                    2,
                    3,
                    12,
                    14,
                    14,
                    2,
                    1,
                    0,
                    3,
                    1,
                    10,
                    13,
                    2,
                    0,
                    13,
                    1,
                    14,
                    4,
                    3,
                    3,
                    0,
                    2,
                    9,
                    1,
                    10,
                    12
                ],
                "accuracy": 0.64
            },
            "answer": {
                "preds": [
                    13,
                    12,
                    11,
                    2,
                    13,
                    5,
                    5,
                    2,
                    6,
                    5,
                    8,
                    14,
                    9,
                    13,
                    13,
                    9,
                    13,
                    14,
                    10,
                    13,
                    14,
                    5,
                    13,
                    14,
                    2,
                    3,
                    12,
                    14,
                    14,
                    11,
                    9,
                    12,
                    11,
                    9,
                    13,
                    13,
                    13,
                    14,
                    13,
                    1,
                    14,
                    4,
                    3,
                    3,
                    9,
                    14,
                    9,
                    1,
                    9,
                    12
                ],
                "accuracy": 0.5
            }
        }
    },
    "negative": {
        "ground_truth": {
            "joint": {
                "preds": [
                    6,
                    2,
                    11,
                    2,
                    11,
                    5,
                    11,
                    6,
                    6,
                    5,
                    8,
                    5,
                    0,
                    13,
                    13,
                    11,
                    2,
                    8,
                    10,
                    2,
                    8,
                    5,
                    2,
                    14,
                    2,
                    3,
                    12,
                    14,
                    9,
                    11,
                    1,
                    0,
                    0,
                    1,
                    10,
                    13,
                    9,
                    14,
                    8,
                    1,
                    14,
                    9,
                    3,
                    8,
                    9,
                    2,
                    9,
                    1,
                    10,
                    12
                ],
                "accuracy": 1.0
            },
            "video": {
                "preds": [
                    5,
                    1,
                    11,
                    1,
                    11,
                    0,
                    11,
                    2,
                    6,
                    3,
                    8,
                    5,
                    0,
                    13,
                    13,
                    11,
                    2,
                    4,
                    10,
                    2,
                    8,
                    5,
                    2,
                    14,
                    2,
                    3,
                    12,
                    14,
                    14,
                    2,
                    1,
                    0,
                    0,
                    1,
                    10,
                    2,
                    2,
                    2,
                    8,
                    1,
                    1,
                    0,
                    3,
                    3,
                    0,
                    2,
                    9,
                    1,
                    10,
                    12
                ],
                "accuracy": 0.68
            },
            "question": {
                "preds": [
                    5,
                    7,
                    11,
                    1,
                    10,
                    5,
                    11,
                    0,
                    6,
                    5,
                    8,
                    5,
                    0,
                    13,
                    13,
                    11,
                    2,
                    4,
                    10,
                    2,
                    8,
                    5,
                    2,
                    14,
                    2,
                    3,
                    12,
                    14,
                    14,
                    0,
                    1,
                    0,
                    0,
                    1,
                    10,
                    2,
                    2,
                    2,
                    13,
                    1,
                    14,
                    4,
                    3,
                    3,
                    0,
                    2,
                    9,
                    1,
                    10,
                    12
                ],
                "accuracy": 0.7
            },
            "answer": {
                "preds": [
                    6,
                    2,
                    11,
                    2,
                    11,
                    5,
                    11,
                    6,
                    6,
                    5,
                    8,
                    5,
                    0,
                    13,
                    13,
                    11,
                    2,
                    8,
                    10,
                    2,
                    8,
                    5,
                    2,
                    14,
                    2,
                    3,
                    12,
                    14,
                    9,
                    11,
                    1,
                    0,
                    0,
                    1,
                    10,
                    13,
                    9,
                    14,
                    8,
                    1,
                    14,
                    9,
                    3,
                    8,
                    9,
                    2,
                    9,
                    1,
                    10,
                    12
                ],
                "accuracy": 1.0
            }
        },
        "false": {
            "joint": {
                "preds": [
                    11,
                    1,
                    5,
                    1,
                    10,
                    1,
                    10,
                    1,
                    0,
                    2,
                    2,
                    1,
                    0,
                    3,
                    9,
                    11,
                    2,
                    1,
                    0,
                    10,
                    4,
                    1,
                    0,
                    7,
                    2,
                    0,
                    1,
                    14,
                    1,
                    2,
                    1,
                    0,
                    0,
                    2,
                    1,
                    2,
                    2,
                    0,
                    1,
                    1,
                    0,
                    1,
                    5,
                    1,
                    0,
                    2,
                    2,
                    3,
                    2,
                    3
                ],
                "accuracy": 0.2
            },
            "video": {
                "preds": [
                    5,
                    1,
                    11,
                    1,
                    10,
                    0,
                    11,
                    2,
                    6,
                    3,
                    8,
                    5,
                    0,
                    13,
                    9,
                    11,
                    2,
                    4,
                    10,
                    2,
                    8,
                    1,
                    2,
                    7,
                    2,
                    3,
                    12,
                    14,
                    14,
                    2,
                    1,
                    0,
                    0,
                    1,
                    10,
                    2,
                    2,
                    2,
                    8,
                    1,
                    1,
                    4,
                    3,
                    3,
                    0,
                    2,
                    9,
                    3,
                    10,
                    12
                ],
                "accuracy": 0.58
            },
            "question": {
                "preds": [
                    5,
                    7,
                    11,
                    1,
                    10,
                    5,
                    11,
                    0,
                    6,
                    5,
                    8,
                    5,
                    0,
                    13,
                    13,
                    11,
                    2,
                    4,
                    10,
                    2,
                    8,
                    5,
                    2,
                    7,
                    2,
                    3,
                    12,
                    14,
                    14,
                    0,
                    1,
                    0,
                    11,
                    1,
                    10,
                    13,
                    2,
                    2,
                    13,
                    1,
                    1,
                    4,
                    3,
                    3,
                    0,
                    2,
                    9,
                    1,
                    10,
                    12
                ],
                "accuracy": 0.66
            },
            "answer": {
                "preds": [
                    11,
                    1,
                    5,
                    1,
                    10,
                    1,
                    10,
                    1,
                    0,
                    2,
                    2,
                    1,
                    0,
                    3,
                    9,
                    11,
                    2,
                    1,
                    0,
                    10,
                    4,
                    1,
                    0,
                    7,
                    2,
                    0,
                    1,
                    14,
                    1,
                    2,
                    1,
                    0,
                    0,
                    2,
                    1,
                    2,
                    2,
                    0,
                    1,
                    1,
                    0,
                    1,
                    5,
                    1,
                    0,
                    2,
                    2,
                    3,
                    2,
                    3
                ],
                "accuracy": 0.2
            }
        },
        "all": {
            "joint": {
                "preds": [
                    11,
                    1,
                    5,
                    1,
                    10,
                    3,
                    10,
                    1,
                    0,
                    2,
                    2,
                    1,
                    0,
                    3,
                    2,
                    11,
                    2,
                    1,
                    0,
                    10,
                    4,
                    1,
                    0,
                    7,
                    2,
                    0,
                    1,
                    14,
                    1,
                    0,
                    1,
                    0,
                    0,
                    1,
                    1,
                    2,
                    2,
                    2,
                    1,
                    1,
                    0,
                    1,
                    5,
                    1,
                    1,
                    2,
                    2,
                    3,
                    10,
                    3
                ],
                "accuracy": 0.24
            },
            "video": {
                "preds": [
                    5,
                    1,
                    11,
                    1,
                    10,
                    0,
                    11,
                    2,
                    6,
                    3,
                    8,
                    5,
                    0,
                    13,
                    9,
                    11,
                    2,
                    4,
                    10,
                    2,
                    8,
                    1,
                    2,
                    7,
                    2,
                    3,
                    12,
                    14,
                    14,
                    2,
                    1,
                    0,
                    0,
                    1,
                    10,
                    2,
                    2,
                    2,
                    8,
                    1,
                    1,
                    4,
                    3,
                    3,
                    0,
                    2,
                    9,
                    3,
                    10,
                    12
                ],
                "accuracy": 0.58
            },
            "question": {
                "preds": [
                    5,
                    7,
                    11,
                    1,
                    10,
                    5,
                    11,
                    0,
                    6,
                    5,
                    8,
                    5,
                    0,
                    13,
                    13,
                    11,
                    2,
                    4,
                    10,
                    2,
                    8,
                    5,
                    2,
                    7,
                    2,
                    3,
                    12,
                    14,
                    14,
                    0,
                    1,
                    0,
                    11,
                    1,
                    10,
                    2,
                    2,
                    2,
                    13,
                    1,
                    1,
                    4,
                    3,
                    3,
                    9,
                    2,
                    9,
                    1,
                    10,
                    12
                ],
                "accuracy": 0.66
            },
            "answer": {
                "preds": [
                    11,
                    1,
                    5,
                    1,
                    10,
                    3,
                    10,
                    1,
                    0,
                    2,
                    2,
                    1,
                    0,
                    3,
                    2,
                    11,
                    2,
                    1,
                    0,
                    10,
                    4,
                    1,
                    0,
                    7,
                    2,
                    0,
                    1,
                    14,
                    1,
                    0,
                    1,
                    0,
                    0,
                    1,
                    1,
                    2,
                    2,
                    2,
                    1,
                    1,
                    0,
                    1,
                    5,
                    1,
                    1,
                    2,
                    2,
                    3,
                    10,
                    3
                ],
                "accuracy": 0.24
            }
        }
    }
}