{
    "nothing": {
        "preds": [
            1,
            1,
            11,
            1,
            0,
            1,
            11,
            0,
            6,
            2,
            8,
            5,
            0,
            3,
            8,
            8,
            6,
            4,
            10,
            10,
            8,
            7,
            2,
            7,
            2,
            3,
            8,
            3,
            14,
            2,
            1,
            0,
            11,
            1,
            4,
            2,
            2,
            1,
            1,
            12,
            3,
            10,
            0,
            3,
            10,
            8,
            9,
            1,
            10,
            3
        ],
        "accuracy": 0.34
    },
    "everything": {
        "joint": {
            "preds": [
                2,
                2,
                0,
                3,
                3,
                2,
                3,
                2,
                3,
                2,
                2,
                2,
                2,
                2,
                0,
                3,
                3,
                2,
                3,
                3,
                2,
                0,
                3,
                2,
                2,
                3,
                2,
                2,
                3,
                2,
                3,
                3,
                3,
                2,
                3,
                2,
                3,
                3,
                2,
                2,
                2,
                2,
                3,
                3,
                3,
                3,
                2,
                0,
                2,
                2
            ],
            "accuracy": 0.08
        },
        "video": {
            "preds": [
                2,
                1,
                13,
                1,
                0,
                1,
                11,
                6,
                1,
                2,
                7,
                9,
                0,
                3,
                1,
                8,
                6,
                4,
                1,
                5,
                2,
                4,
                2,
                5,
                3,
                0,
                3,
                3,
                14,
                2,
                5,
                0,
                11,
                7,
                4,
                0,
                2,
                1,
                1,
                0,
                3,
                10,
                0,
                3,
                10,
                0,
                9,
                3,
                3,
                0
            ],
            "accuracy": 0.12
        },
        "question": {
            "preds": [
                1,
                1,
                11,
                6,
                10,
                5,
                1,
                0,
                10,
                2,
                8,
                5,
                2,
                3,
                8,
                8,
                6,
                4,
                10,
                10,
                8,
                7,
                2,
                7,
                2,
                3,
                1,
                3,
                14,
                2,
                1,
                0,
                1,
                1,
                4,
                2,
                1,
                1,
                1,
                12,
                14,
                2,
                5,
                3,
                6,
                8,
                9,
                1,
                13,
                3
            ],
            "accuracy": 0.3
        },
        "answer": {
            "preds": [
                2,
                2,
                0,
                3,
                3,
                2,
                3,
                2,
                3,
                2,
                2,
                2,
                2,
                2,
                0,
                3,
                3,
                2,
                3,
                3,
                2,
                0,
                3,
                2,
                2,
                3,
                2,
                2,
                3,
                2,
                3,
                3,
                3,
                2,
                3,
                2,
                3,
                3,
                2,
                2,
                2,
                2,
                3,
                3,
                3,
                3,
                2,
                0,
                2,
                2
            ],
            "accuracy": 0.08
        }
    },
    "positive": {
        "ground_truth": {
            "joint": {
                "preds": [
                    1,
                    1,
                    13,
                    1,
                    0,
                    3,
                    5,
                    2,
                    10,
                    2,
                    14,
                    0,
                    8,
                    3,
                    8,
                    8,
                    6,
                    4,
                    2,
                    9,
                    11,
                    7,
                    13,
                    7,
                    9,
                    11,
                    8,
                    3,
                    1,
                    2,
                    4,
                    8,
                    11,
                    9,
                    4,
                    2,
                    2,
                    1,
                    1,
                    12,
                    3,
                    2,
                    0,
                    3,
                    6,
                    12,
                    2,
                    3,
                    0,
                    3
                ],
                "accuracy": 0.0
            },
            "video": {
                "preds": [
                    1,
                    1,
                    11,
                    1,
                    11,
                    1,
                    11,
                    0,
                    10,
                    2,
                    8,
                    5,
                    0,
                    3,
                    8,
                    8,
                    6,
                    4,
                    10,
                    10,
                    8,
                    7,
                    0,
                    7,
                    2,
                    3,
                    1,
                    3,
                    14,
                    2,
                    1,
                    0,
                    11,
                    1,
                    4,
                    2,
                    2,
                    1,
                    1,
                    12,
                    3,
                    10,
                    5,
                    3,
                    10,
                    8,
                    9,
                    3,
                    10,
                    3
                ],
                "accuracy": 0.3
            },
            "question": {
                "preds": [
                    1,
                    1,
                    11,
                    2,
                    10,
                    5,
                    1,
                    0,
                    10,
                    2,
                    8,
                    5,
                    2,
                    3,
                    8,
                    8,
                    6,
                    1,
                    10,
                    10,
                    8,
                    7,
                    0,
                    7,
                    2,
                    3,
                    3,
                    3,
                    1,
                    2,
                    1,
                    0,
                    6,
                    1,
                    4,
                    2,
                    2,
                    1,
                    1,
                    12,
                    3,
                    2,
                    0,
                    3,
                    6,
                    8,
                    2,
                    1,
                    2,
                    3
                ],
                "accuracy": 0.26
            },
            "answer": {
                "preds": [
                    1,
                    1,
                    13,
                    1,
                    0,
                    3,
                    5,
                    2,
                    10,
                    2,
                    14,
                    0,
                    8,
                    3,
                    8,
                    8,
                    6,
                    4,
                    2,
                    9,
                    11,
                    7,
                    13,
                    7,
                    9,
                    11,
                    8,
                    3,
                    1,
                    2,
                    4,
                    8,
                    11,
                    9,
                    4,
                    2,
                    2,
                    1,
                    1,
                    12,
                    3,
                    2,
                    0,
                    3,
                    6,
                    12,
                    2,
                    3,
                    0,
                    3
                ],
                "accuracy": 0.0
            }
        },
        "false": {
            "joint": {
                "preds": [
                    6,
                    2,
                    11,
                    2,
                    10,
                    5,
                    11,
                    2,
                    6,
                    2,
                    8,
                    5,
                    0,
                    3,
                    8,
                    8,
                    8,
                    8,
                    10,
                    2,
                    7,
                    7,
                    2,
                    7,
                    2,
                    3,
                    8,
                    3,
                    14,
                    2,
                    4,
                    8,
                    11,
                    9,
                    4,
                    2,
                    2,
                    10,
                    1,
                    1,
                    3,
                    10,
                    3,
                    3,
                    6,
                    8,
                    2,
                    3,
                    13,
                    3
                ],
                "accuracy": 0.36
            },
            "video": {
                "preds": [
                    1,
                    1,
                    11,
                    1,
                    11,
                    5,
                    11,
                    6,
                    6,
                    2,
                    8,
                    5,
                    0,
                    3,
                    8,
                    8,
                    2,
                    4,
                    10,
                    2,
                    8,
                    7,
                    2,
                    7,
                    2,
                    3,
                    8,
                    3,
                    14,
                    2,
                    1,
                    0,
                    11,
                    1,
                    4,
                    2,
                    2,
                    1,
                    1,
                    12,
                    3,
                    10,
                    5,
                    3,
                    10,
                    8,
                    9,
                    1,
                    10,
                    3
                ],
                "accuracy": 0.44
            },
            "question": {
                "preds": [
                    1,
                    1,
                    11,
                    2,
                    11,
                    5,
                    11,
                    0,
                    10,
                    2,
                    8,
                    5,
                    2,
                    3,
                    8,
                    8,
                    6,
                    4,
                    10,
                    10,
                    8,
                    7,
                    2,
                    7,
                    2,
                    3,
                    1,
                    3,
                    14,
                    2,
                    1,
                    0,
                    0,
                    1,
                    4,
                    2,
                    2,
                    1,
                    1,
                    12,
                    3,
                    10,
                    5,
                    3,
                    6,
                    2,
                    2,
                    1,
                    10,
                    3
                ],
                "accuracy": 0.38
            },
            "answer": {
                "preds": [
                    6,
                    2,
                    11,
                    2,
                    10,
                    5,
                    11,
                    2,
                    6,
                    2,
                    8,
                    5,
                    0,
                    3,
                    8,
                    8,
                    8,
                    8,
                    10,
                    2,
                    7,
                    7,
                    2,
                    7,
                    2,
                    3,
                    8,
                    3,
                    14,
                    2,
                    4,
                    8,
                    11,
                    9,
                    4,
                    2,
                    2,
                    10,
                    1,
                    1,
                    3,
                    10,
                    3,
                    3,
                    6,
                    8,
                    2,
                    3,
                    13,
                    3
                ],
                "accuracy": 0.36
            }
        },
        "all": {
            "joint": {
                "preds": [
                    11,
                    2,
                    11,
                    2,
                    0,
                    5,
                    1,
                    2,
                    6,
                    2,
                    8,
                    5,
                    8,
                    3,
                    8,
                    8,
                    8,
                    8,
                    10,
                    2,
                    8,
                    7,
                    2,
                    7,
                    2,
                    3,
                    8,
                    3,
                    14,
                    2,
                    4,
                    8,
                    11,
                    9,
                    4,
                    2,
                    2,
                    10,
                    1,
                    1,
                    3,
                    10,
                    3,
                    3,
                    6,
                    8,
                    2,
                    3,
                    10,
                    3
                ],
                "accuracy": 0.34
            },
            "video": {
                "preds": [
                    1,
                    1,
                    11,
                    1,
                    11,
                    5,
                    11,
                    6,
                    6,
                    2,
                    8,
                    5,
                    0,
                    3,
                    8,
                    8,
                    2,
                    4,
                    10,
                    2,
                    8,
                    7,
                    2,
                    7,
                    2,
                    3,
                    8,
                    3,
                    14,
                    2,
                    1,
                    0,
                    11,
                    1,
                    4,
                    2,
                    2,
                    1,
                    1,
                    12,
                    3,
                    10,
                    5,
                    3,
                    10,
                    8,
                    9,
                    1,
                    10,
                    3
                ],
                "accuracy": 0.44
            },
            "question": {
                "preds": [
                    1,
                    1,
                    11,
                    1,
                    11,
                    5,
                    11,
                    0,
                    10,
                    2,
                    8,
                    5,
                    2,
                    3,
                    8,
                    8,
                    6,
                    4,
                    10,
                    10,
                    8,
                    7,
                    2,
                    7,
                    2,
                    3,
                    1,
                    3,
                    14,
                    2,
                    1,
                    0,
                    11,
                    1,
                    4,
                    2,
                    2,
                    1,
                    1,
                    12,
                    3,
                    10,
                    5,
                    3,
                    6,
                    2,
                    2,
                    1,
                    10,
                    3
                ],
                "accuracy": 0.34
            },
            "answer": {
                "preds": [
                    11,
                    2,
                    11,
                    2,
                    0,
                    5,
                    1,
                    2,
                    6,
                    2,
                    8,
                    5,
                    8,
                    3,
                    8,
                    8,
                    8,
                    8,
                    10,
                    2,
                    8,
                    7,
                    2,
                    7,
                    2,
                    3,
                    8,
                    3,
                    14,
                    2,
                    4,
                    8,
                    11,
                    9,
                    4,
                    2,
                    2,
                    10,
                    1,
                    1,
                    3,
                    10,
                    3,
                    3,
                    6,
                    8,
                    2,
                    3,
                    10,
                    3
                ],
                "accuracy": 0.34
            }
        }
    },
    "negative": {
        "ground_truth": {
            "joint": {
                "preds": [
                    6,
                    2,
                    11,
                    2,
                    11,
                    5,
                    11,
                    6,
                    6,
                    5,
                    8,
                    5,
                    0,
                    13,
                    13,
                    11,
                    2,
                    8,
                    10,
                    2,
                    8,
                    5,
                    2,
                    14,
                    2,
                    3,
                    12,
                    14,
                    9,
                    11,
                    1,
                    0,
                    0,
                    1,
                    10,
                    13,
                    9,
                    14,
                    8,
                    1,
                    14,
                    9,
                    3,
                    8,
                    9,
                    2,
                    9,
                    1,
                    10,
                    12
                ],
                "accuracy": 1.0
            },
            "video": {
                "preds": [
                    1,
                    1,
                    11,
                    1,
                    11,
                    1,
                    11,
                    6,
                    6,
                    2,
                    8,
                    5,
                    0,
                    13,
                    8,
                    8,
                    6,
                    4,
                    10,
                    2,
                    8,
                    1,
                    2,
                    7,
                    2,
                    3,
                    8,
                    14,
                    14,
                    2,
                    1,
                    0,
                    11,
                    1,
                    4,
                    2,
                    2,
                    1,
                    1,
                    12,
                    3,
                    10,
                    0,
                    3,
                    10,
                    8,
                    9,
                    1,
                    10,
                    3
                ],
                "accuracy": 0.44
            },
            "question": {
                "preds": [
                    1,
                    1,
                    11,
                    1,
                    10,
                    1,
                    11,
                    0,
                    10,
                    2,
                    8,
                    5,
                    0,
                    13,
                    8,
                    8,
                    6,
                    4,
                    10,
                    2,
                    8,
                    7,
                    2,
                    7,
                    2,
                    3,
                    1,
                    3,
                    14,
                    2,
                    1,
                    0,
                    11,
                    1,
                    4,
                    13,
                    2,
                    1,
                    1,
                    12,
                    3,
                    10,
                    5,
                    3,
                    6,
                    2,
                    2,
                    1,
                    10,
                    3
                ],
                "accuracy": 0.38
            },
            "answer": {
                "preds": [
                    6,
                    2,
                    11,
                    2,
                    11,
                    5,
                    11,
                    6,
                    6,
                    5,
                    8,
                    5,
                    0,
                    13,
                    13,
                    11,
                    2,
                    8,
                    10,
                    2,
                    8,
                    5,
                    2,
                    14,
                    2,
                    3,
                    12,
                    14,
                    9,
                    11,
                    1,
                    0,
                    0,
                    1,
                    10,
                    13,
                    9,
                    14,
                    8,
                    1,
                    14,
                    9,
                    3,
                    8,
                    9,
                    2,
                    9,
                    1,
                    10,
                    12
                ],
                "accuracy": 1.0
            }
        },
        "false": {
            "joint": {
                "preds": [
                    2,
                    1,
                    13,
                    5,
                    1,
                    12,
                    4,
                    0,
                    1,
                    2,
                    12,
                    6,
                    5,
                    13,
                    1,
                    0,
                    13,
                    4,
                    0,
                    2,
                    2,
                    2,
                    0,
                    6,
                    2,
                    0,
                    1,
                    10,
                    1,
                    2,
                    8,
                    4,
                    6,
                    11,
                    1,
                    1,
                    13,
                    12,
                    7,
                    7,
                    8,
                    2,
                    1,
                    5,
                    1,
                    13,
                    2,
                    1,
                    2,
                    10
                ],
                "accuracy": 0.08
            },
            "video": {
                "preds": [
                    1,
                    1,
                    11,
                    1,
                    11,
                    1,
                    11,
                    0,
                    6,
                    2,
                    8,
                    5,
                    0,
                    13,
                    8,
                    8,
                    6,
                    4,
                    10,
                    10,
                    8,
                    1,
                    0,
                    7,
                    2,
                    3,
                    8,
                    3,
                    14,
                    2,
                    1,
                    0,
                    11,
                    1,
                    4,
                    2,
                    2,
                    6,
                    1,
                    12,
                    3,
                    10,
                    0,
                    3,
                    10,
                    8,
                    9,
                    1,
                    10,
                    3
                ],
                "accuracy": 0.36
            },
            "question": {
                "preds": [
                    1,
                    1,
                    11,
                    1,
                    10,
                    1,
                    5,
                    0,
                    10,
                    2,
                    8,
                    5,
                    0,
                    3,
                    8,
                    8,
                    6,
                    1,
                    10,
                    10,
                    8,
                    7,
                    2,
                    7,
                    2,
                    3,
                    1,
                    3,
                    14,
                    2,
                    1,
                    0,
                    6,
                    1,
                    4,
                    2,
                    2,
                    1,
                    1,
                    12,
                    3,
                    2,
                    5,
                    3,
                    0,
                    8,
                    2,
                    1,
                    10,
                    3
                ],
                "accuracy": 0.28
            },
            "answer": {
                "preds": [
                    2,
                    1,
                    13,
                    5,
                    1,
                    12,
                    4,
                    0,
                    1,
                    2,
                    12,
                    6,
                    5,
                    13,
                    1,
                    0,
                    13,
                    4,
                    0,
                    2,
                    2,
                    2,
                    0,
                    6,
                    2,
                    0,
                    1,
                    10,
                    1,
                    2,
                    8,
                    4,
                    6,
                    11,
                    1,
                    1,
                    13,
                    12,
                    7,
                    7,
                    8,
                    2,
                    1,
                    5,
                    1,
                    13,
                    2,
                    1,
                    2,
                    10
                ],
                "accuracy": 0.08
            }
        },
        "all": {
            "joint": {
                "preds": [
                    6,
                    1,
                    13,
                    5,
                    3,
                    1,
                    4,
                    0,
                    1,
                    13,
                    12,
                    6,
                    5,
                    13,
                    1,
                    0,
                    13,
                    4,
                    0,
                    2,
                    2,
                    0,
                    0,
                    5,
                    2,
                    0,
                    12,
                    10,
                    9,
                    2,
                    8,
                    4,
                    6,
                    7,
                    13,
                    1,
                    13,
                    1,
                    3,
                    7,
                    8,
                    2,
                    1,
                    5,
                    1,
                    13,
                    2,
                    1,
                    2,
                    10
                ],
                "accuracy": 0.14
            },
            "video": {
                "preds": [
                    1,
                    1,
                    11,
                    1,
                    11,
                    1,
                    11,
                    0,
                    6,
                    2,
                    8,
                    5,
                    0,
                    13,
                    8,
                    8,
                    6,
                    4,
                    10,
                    10,
                    8,
                    1,
                    0,
                    7,
                    2,
                    3,
                    8,
                    3,
                    14,
                    2,
                    1,
                    0,
                    11,
                    1,
                    4,
                    2,
                    2,
                    6,
                    1,
                    12,
                    3,
                    10,
                    0,
                    3,
                    10,
                    8,
                    9,
                    1,
                    10,
                    3
                ],
                "accuracy": 0.36
            },
            "question": {
                "preds": [
                    1,
                    1,
                    11,
                    1,
                    10,
                    1,
                    5,
                    0,
                    10,
                    2,
                    8,
                    5,
                    0,
                    3,
                    8,
                    8,
                    6,
                    1,
                    10,
                    10,
                    8,
                    7,
                    2,
                    7,
                    2,
                    3,
                    1,
                    3,
                    14,
                    2,
                    1,
                    0,
                    6,
                    1,
                    4,
                    2,
                    2,
                    1,
                    1,
                    12,
                    3,
                    2,
                    5,
                    3,
                    0,
                    8,
                    2,
                    1,
                    10,
                    3
                ],
                "accuracy": 0.28
            },
            "answer": {
                "preds": [
                    6,
                    1,
                    13,
                    5,
                    3,
                    1,
                    4,
                    0,
                    1,
                    13,
                    12,
                    6,
                    5,
                    13,
                    1,
                    0,
                    13,
                    4,
                    0,
                    2,
                    2,
                    0,
                    0,
                    5,
                    2,
                    0,
                    12,
                    10,
                    9,
                    2,
                    8,
                    4,
                    6,
                    7,
                    13,
                    1,
                    13,
                    1,
                    3,
                    7,
                    8,
                    2,
                    1,
                    5,
                    1,
                    13,
                    2,
                    1,
                    2,
                    10
                ],
                "accuracy": 0.14
            }
        }
    }
}