{
    "nothing": {
        "preds": [
            0,
            24,
            1,
            0,
            3,
            17,
            17,
            10,
            14,
            24,
            13,
            22,
            4,
            10,
            23,
            5,
            22,
            2,
            14,
            14,
            0,
            0,
            11,
            1,
            12,
            11,
            5,
            3,
            4,
            0,
            23,
            18,
            17,
            1,
            17,
            0,
            1,
            2,
            11,
            12,
            8,
            24,
            3,
            3,
            7,
            22,
            2,
            1,
            10,
            8
        ],
        "accuracy": 0.66
    },
    "everything": {
        "joint": {
            "preds": [
                1,
                1,
                1,
                1,
                1,
                1,
                1,
                1,
                1,
                1,
                2,
                1,
                1,
                1,
                1,
                1,
                1,
                1,
                1,
                1,
                1,
                1,
                3,
                1,
                1,
                1,
                1,
                1,
                1,
                0,
                1,
                1,
                2,
                1,
                1,
                1,
                1,
                0,
                2,
                1,
                2,
                1,
                1,
                1,
                1,
                1,
                1,
                1,
                1,
                1
            ],
            "accuracy": 0.1
        },
        "video": {
            "preds": [
                0,
                11,
                2,
                9,
                13,
                17,
                17,
                0,
                0,
                0,
                0,
                0,
                11,
                7,
                23,
                5,
                22,
                2,
                0,
                1,
                0,
                0,
                0,
                9,
                1,
                2,
                1,
                3,
                9,
                0,
                23,
                18,
                17,
                24,
                1,
                24,
                1,
                0,
                5,
                1,
                2,
                24,
                24,
                1,
                7,
                5,
                0,
                17,
                3,
                0
            ],
            "accuracy": 0.26
        },
        "question": {
            "preds": [
                0,
                24,
                1,
                12,
                3,
                17,
                22,
                10,
                21,
                24,
                13,
                22,
                4,
                10,
                23,
                5,
                22,
                8,
                14,
                18,
                3,
                8,
                20,
                18,
                12,
                11,
                5,
                3,
                4,
                1,
                23,
                18,
                2,
                1,
                17,
                0,
                8,
                19,
                11,
                12,
                18,
                24,
                3,
                3,
                7,
                22,
                22,
                1,
                10,
                8
            ],
            "accuracy": 0.62
        },
        "answer": {
            "preds": [
                1,
                1,
                1,
                1,
                1,
                1,
                1,
                1,
                1,
                1,
                2,
                1,
                1,
                1,
                1,
                1,
                1,
                1,
                1,
                1,
                1,
                1,
                3,
                1,
                1,
                1,
                1,
                1,
                1,
                0,
                1,
                1,
                2,
                1,
                1,
                1,
                1,
                0,
                2,
                1,
                2,
                1,
                1,
                1,
                1,
                1,
                1,
                1,
                1,
                1
            ],
            "accuracy": 0.1
        }
    },
    "positive": {
        "ground_truth": {
            "joint": {
                "preds": [
                    23,
                    24,
                    18,
                    22,
                    16,
                    19,
                    22,
                    21,
                    21,
                    15,
                    14,
                    23,
                    4,
                    3,
                    23,
                    15,
                    17,
                    24,
                    8,
                    18,
                    17,
                    21,
                    11,
                    24,
                    24,
                    5,
                    23,
                    22,
                    14,
                    1,
                    5,
                    8,
                    15,
                    24,
                    23,
                    7,
                    8,
                    3,
                    21,
                    24,
                    7,
                    21,
                    15,
                    15,
                    3,
                    14,
                    22,
                    15,
                    21,
                    3
                ],
                "accuracy": 0.0
            },
            "video": {
                "preds": [
                    0,
                    24,
                    1,
                    12,
                    3,
                    17,
                    22,
                    10,
                    24,
                    24,
                    13,
                    22,
                    4,
                    10,
                    23,
                    5,
                    22,
                    2,
                    13,
                    4,
                    3,
                    0,
                    11,
                    1,
                    12,
                    11,
                    5,
                    3,
                    4,
                    0,
                    23,
                    18,
                    17,
                    24,
                    17,
                    0,
                    1,
                    19,
                    11,
                    12,
                    18,
                    24,
                    16,
                    3,
                    7,
                    5,
                    2,
                    1,
                    21,
                    8
                ],
                "accuracy": 0.46
            },
            "question": {
                "preds": [
                    0,
                    24,
                    1,
                    12,
                    3,
                    17,
                    22,
                    10,
                    21,
                    24,
                    13,
                    22,
                    4,
                    10,
                    23,
                    5,
                    22,
                    8,
                    14,
                    18,
                    3,
                    8,
                    11,
                    18,
                    12,
                    11,
                    5,
                    3,
                    4,
                    1,
                    23,
                    18,
                    2,
                    1,
                    17,
                    0,
                    8,
                    19,
                    11,
                    12,
                    8,
                    24,
                    3,
                    3,
                    7,
                    22,
                    22,
                    1,
                    10,
                    8
                ],
                "accuracy": 0.62
            },
            "answer": {
                "preds": [
                    23,
                    24,
                    18,
                    22,
                    16,
                    19,
                    22,
                    21,
                    21,
                    15,
                    14,
                    23,
                    4,
                    3,
                    23,
                    15,
                    17,
                    24,
                    8,
                    18,
                    17,
                    21,
                    11,
                    24,
                    24,
                    5,
                    23,
                    22,
                    14,
                    1,
                    5,
                    8,
                    15,
                    24,
                    23,
                    7,
                    8,
                    3,
                    21,
                    24,
                    7,
                    21,
                    15,
                    15,
                    3,
                    14,
                    22,
                    15,
                    21,
                    3
                ],
                "accuracy": 0.0
            }
        },
        "false": {
            "joint": {
                "preds": [
                    23,
                    24,
                    1,
                    22,
                    3,
                    20,
                    17,
                    13,
                    14,
                    24,
                    13,
                    23,
                    12,
                    7,
                    23,
                    15,
                    22,
                    24,
                    14,
                    14,
                    16,
                    8,
                    20,
                    21,
                    12,
                    11,
                    5,
                    3,
                    4,
                    23,
                    24,
                    14,
                    15,
                    24,
                    23,
                    24,
                    8,
                    19,
                    21,
                    12,
                    22,
                    23,
                    24,
                    23,
                    3,
                    22,
                    22,
                    1,
                    21,
                    8
                ],
                "accuracy": 0.42
            },
            "video": {
                "preds": [
                    0,
                    24,
                    1,
                    0,
                    3,
                    17,
                    17,
                    10,
                    21,
                    24,
                    13,
                    22,
                    4,
                    10,
                    6,
                    5,
                    22,
                    2,
                    14,
                    14,
                    0,
                    8,
                    20,
                    18,
                    12,
                    11,
                    5,
                    3,
                    4,
                    0,
                    23,
                    18,
                    17,
                    1,
                    17,
                    0,
                    1,
                    3,
                    11,
                    12,
                    8,
                    24,
                    3,
                    3,
                    7,
                    22,
                    2,
                    1,
                    10,
                    8
                ],
                "accuracy": 0.72
            },
            "question": {
                "preds": [
                    0,
                    24,
                    1,
                    5,
                    3,
                    17,
                    17,
                    10,
                    21,
                    24,
                    13,
                    22,
                    4,
                    10,
                    23,
                    5,
                    22,
                    8,
                    14,
                    14,
                    3,
                    8,
                    11,
                    18,
                    12,
                    11,
                    5,
                    3,
                    4,
                    1,
                    23,
                    18,
                    17,
                    1,
                    17,
                    0,
                    8,
                    10,
                    11,
                    12,
                    8,
                    24,
                    3,
                    3,
                    7,
                    22,
                    2,
                    1,
                    10,
                    8
                ],
                "accuracy": 0.66
            },
            "answer": {
                "preds": [
                    23,
                    24,
                    1,
                    22,
                    3,
                    20,
                    17,
                    13,
                    14,
                    24,
                    13,
                    23,
                    12,
                    7,
                    23,
                    15,
                    22,
                    24,
                    14,
                    14,
                    16,
                    8,
                    20,
                    21,
                    12,
                    11,
                    5,
                    3,
                    4,
                    23,
                    24,
                    14,
                    15,
                    24,
                    23,
                    24,
                    8,
                    19,
                    21,
                    12,
                    22,
                    23,
                    24,
                    23,
                    3,
                    22,
                    22,
                    1,
                    21,
                    8
                ],
                "accuracy": 0.42
            }
        },
        "all": {
            "joint": {
                "preds": [
                    14,
                    24,
                    1,
                    22,
                    3,
                    20,
                    17,
                    13,
                    21,
                    15,
                    13,
                    23,
                    4,
                    7,
                    23,
                    15,
                    22,
                    24,
                    14,
                    14,
                    16,
                    8,
                    20,
                    21,
                    12,
                    11,
                    5,
                    3,
                    4,
                    23,
                    24,
                    14,
                    15,
                    24,
                    23,
                    4,
                    21,
                    19,
                    21,
                    24,
                    22,
                    23,
                    24,
                    23,
                    3,
                    14,
                    22,
                    1,
                    21,
                    8
                ],
                "accuracy": 0.34
            },
            "video": {
                "preds": [
                    0,
                    24,
                    1,
                    0,
                    3,
                    17,
                    17,
                    10,
                    21,
                    24,
                    13,
                    22,
                    4,
                    10,
                    6,
                    5,
                    22,
                    2,
                    14,
                    14,
                    0,
                    8,
                    20,
                    1,
                    12,
                    11,
                    5,
                    3,
                    4,
                    0,
                    23,
                    18,
                    17,
                    1,
                    17,
                    0,
                    1,
                    3,
                    11,
                    12,
                    8,
                    24,
                    3,
                    3,
                    7,
                    22,
                    2,
                    1,
                    10,
                    8
                ],
                "accuracy": 0.7
            },
            "question": {
                "preds": [
                    0,
                    24,
                    1,
                    5,
                    3,
                    17,
                    17,
                    10,
                    21,
                    24,
                    13,
                    22,
                    4,
                    10,
                    23,
                    5,
                    22,
                    8,
                    14,
                    14,
                    3,
                    8,
                    11,
                    18,
                    12,
                    11,
                    5,
                    3,
                    4,
                    1,
                    23,
                    18,
                    17,
                    1,
                    17,
                    0,
                    8,
                    10,
                    11,
                    12,
                    8,
                    24,
                    3,
                    3,
                    7,
                    22,
                    2,
                    1,
                    10,
                    8
                ],
                "accuracy": 0.66
            },
            "answer": {
                "preds": [
                    14,
                    24,
                    1,
                    22,
                    3,
                    20,
                    17,
                    13,
                    21,
                    15,
                    13,
                    23,
                    4,
                    7,
                    23,
                    15,
                    22,
                    24,
                    14,
                    14,
                    16,
                    8,
                    20,
                    21,
                    12,
                    11,
                    5,
                    3,
                    4,
                    23,
                    24,
                    14,
                    15,
                    24,
                    23,
                    4,
                    21,
                    19,
                    21,
                    24,
                    22,
                    23,
                    24,
                    23,
                    3,
                    14,
                    22,
                    1,
                    21,
                    8
                ],
                "accuracy": 0.34
            }
        }
    },
    "negative": {
        "ground_truth": {
            "joint": {
                "preds": [
                    0,
                    21,
                    1,
                    9,
                    19,
                    17,
                    17,
                    13,
                    14,
                    24,
                    13,
                    22,
                    11,
                    10,
                    6,
                    5,
                    22,
                    8,
                    14,
                    14,
                    0,
                    8,
                    20,
                    18,
                    12,
                    11,
                    5,
                    3,
                    19,
                    23,
                    23,
                    18,
                    13,
                    1,
                    17,
                    0,
                    1,
                    2,
                    11,
                    12,
                    8,
                    1,
                    3,
                    23,
                    7,
                    22,
                    9,
                    1,
                    10,
                    8
                ],
                "accuracy": 0.98
            },
            "video": {
                "preds": [
                    0,
                    24,
                    1,
                    0,
                    3,
                    17,
                    17,
                    13,
                    14,
                    24,
                    13,
                    22,
                    4,
                    10,
                    6,
                    5,
                    22,
                    2,
                    14,
                    14,
                    0,
                    8,
                    20,
                    1,
                    12,
                    11,
                    5,
                    3,
                    4,
                    7,
                    23,
                    18,
                    17,
                    1,
                    17,
                    0,
                    1,
                    2,
                    11,
                    12,
                    8,
                    24,
                    3,
                    3,
                    7,
                    22,
                    2,
                    1,
                    10,
                    8
                ],
                "accuracy": 0.74
            },
            "question": {
                "preds": [
                    0,
                    24,
                    1,
                    12,
                    3,
                    17,
                    17,
                    13,
                    21,
                    24,
                    13,
                    22,
                    4,
                    10,
                    6,
                    5,
                    22,
                    8,
                    14,
                    18,
                    3,
                    8,
                    11,
                    1,
                    12,
                    11,
                    5,
                    3,
                    4,
                    0,
                    23,
                    18,
                    17,
                    1,
                    17,
                    0,
                    1,
                    2,
                    11,
                    12,
                    8,
                    24,
                    3,
                    3,
                    7,
                    22,
                    2,
                    1,
                    10,
                    8
                ],
                "accuracy": 0.68
            },
            "answer": {
                "preds": [
                    0,
                    21,
                    1,
                    9,
                    19,
                    17,
                    17,
                    13,
                    14,
                    24,
                    13,
                    22,
                    11,
                    10,
                    6,
                    5,
                    22,
                    8,
                    14,
                    14,
                    0,
                    8,
                    20,
                    18,
                    12,
                    11,
                    5,
                    3,
                    19,
                    23,
                    23,
                    18,
                    13,
                    1,
                    17,
                    0,
                    1,
                    2,
                    11,
                    12,
                    8,
                    1,
                    3,
                    23,
                    7,
                    22,
                    9,
                    1,
                    10,
                    8
                ],
                "accuracy": 0.98
            }
        },
        "false": {
            "joint": {
                "preds": [
                    14,
                    24,
                    1,
                    0,
                    19,
                    17,
                    16,
                    10,
                    1,
                    2,
                    0,
                    22,
                    0,
                    7,
                    10,
                    22,
                    2,
                    2,
                    8,
                    3,
                    0,
                    1,
                    11,
                    1,
                    1,
                    11,
                    24,
                    17,
                    9,
                    0,
                    4,
                    18,
                    17,
                    24,
                    1,
                    0,
                    10,
                    2,
                    11,
                    9,
                    1,
                    21,
                    3,
                    15,
                    7,
                    5,
                    1,
                    17,
                    10,
                    3
                ],
                "accuracy": 0.24
            },
            "video": {
                "preds": [
                    0,
                    24,
                    1,
                    0,
                    3,
                    17,
                    22,
                    10,
                    14,
                    24,
                    13,
                    22,
                    4,
                    10,
                    23,
                    5,
                    22,
                    2,
                    14,
                    14,
                    0,
                    0,
                    11,
                    1,
                    12,
                    11,
                    5,
                    3,
                    4,
                    0,
                    23,
                    18,
                    17,
                    1,
                    17,
                    0,
                    1,
                    2,
                    11,
                    12,
                    18,
                    24,
                    3,
                    3,
                    7,
                    22,
                    2,
                    1,
                    10,
                    8
                ],
                "accuracy": 0.62
            },
            "question": {
                "preds": [
                    0,
                    15,
                    1,
                    22,
                    3,
                    17,
                    22,
                    10,
                    21,
                    24,
                    13,
                    22,
                    4,
                    10,
                    23,
                    5,
                    22,
                    2,
                    14,
                    18,
                    3,
                    8,
                    11,
                    1,
                    12,
                    11,
                    5,
                    3,
                    4,
                    1,
                    23,
                    18,
                    4,
                    1,
                    17,
                    0,
                    1,
                    2,
                    11,
                    12,
                    8,
                    24,
                    3,
                    3,
                    7,
                    22,
                    2,
                    1,
                    10,
                    8
                ],
                "accuracy": 0.6
            },
            "answer": {
                "preds": [
                    14,
                    24,
                    1,
                    0,
                    19,
                    17,
                    16,
                    10,
                    1,
                    2,
                    0,
                    22,
                    0,
                    7,
                    10,
                    22,
                    2,
                    2,
                    8,
                    3,
                    0,
                    1,
                    11,
                    1,
                    1,
                    11,
                    24,
                    17,
                    9,
                    0,
                    4,
                    18,
                    17,
                    24,
                    1,
                    0,
                    10,
                    2,
                    11,
                    9,
                    1,
                    21,
                    3,
                    15,
                    7,
                    5,
                    1,
                    17,
                    10,
                    3
                ],
                "accuracy": 0.24
            }
        },
        "all": {
            "joint": {
                "preds": [
                    0,
                    24,
                    1,
                    0,
                    19,
                    17,
                    16,
                    10,
                    1,
                    24,
                    0,
                    22,
                    0,
                    7,
                    10,
                    22,
                    22,
                    2,
                    8,
                    16,
                    0,
                    1,
                    11,
                    1,
                    1,
                    11,
                    24,
                    3,
                    19,
                    0,
                    4,
                    18,
                    17,
                    1,
                    1,
                    0,
                    10,
                    2,
                    11,
                    12,
                    1,
                    21,
                    3,
                    15,
                    7,
                    22,
                    1,
                    17,
                    10,
                    3
                ],
                "accuracy": 0.4
            },
            "video": {
                "preds": [
                    0,
                    24,
                    1,
                    0,
                    3,
                    17,
                    22,
                    10,
                    14,
                    24,
                    13,
                    22,
                    4,
                    10,
                    23,
                    5,
                    22,
                    2,
                    14,
                    14,
                    0,
                    0,
                    11,
                    1,
                    12,
                    11,
                    5,
                    3,
                    4,
                    0,
                    23,
                    18,
                    17,
                    1,
                    17,
                    0,
                    1,
                    2,
                    11,
                    12,
                    18,
                    24,
                    3,
                    3,
                    7,
                    22,
                    2,
                    1,
                    10,
                    8
                ],
                "accuracy": 0.62
            },
            "question": {
                "preds": [
                    0,
                    15,
                    1,
                    22,
                    3,
                    17,
                    22,
                    10,
                    21,
                    24,
                    13,
                    22,
                    4,
                    10,
                    23,
                    5,
                    22,
                    2,
                    14,
                    18,
                    3,
                    8,
                    11,
                    1,
                    12,
                    11,
                    5,
                    3,
                    4,
                    1,
                    23,
                    18,
                    4,
                    1,
                    17,
                    0,
                    1,
                    2,
                    11,
                    12,
                    8,
                    24,
                    3,
                    3,
                    7,
                    22,
                    2,
                    1,
                    10,
                    8
                ],
                "accuracy": 0.6
            },
            "answer": {
                "preds": [
                    0,
                    24,
                    1,
                    0,
                    19,
                    17,
                    16,
                    10,
                    1,
                    24,
                    0,
                    22,
                    0,
                    7,
                    10,
                    22,
                    22,
                    2,
                    8,
                    16,
                    0,
                    1,
                    11,
                    1,
                    1,
                    11,
                    24,
                    3,
                    19,
                    0,
                    4,
                    18,
                    17,
                    1,
                    1,
                    0,
                    10,
                    2,
                    11,
                    12,
                    1,
                    21,
                    3,
                    15,
                    7,
                    22,
                    1,
                    17,
                    10,
                    3
                ],
                "accuracy": 0.4
            }
        }
    }
}