{
    "nothing": {
        "preds": [
            14,
            11,
            1,
            5,
            2,
            17,
            17,
            13,
            21,
            24,
            13,
            22,
            4,
            7,
            6,
            9,
            8,
            2,
            14,
            16,
            0,
            0,
            0,
            1,
            12,
            3,
            5,
            3,
            19,
            7,
            4,
            18,
            17,
            24,
            17,
            0,
            1,
            10,
            21,
            3,
            18,
            24,
            3,
            11,
            7,
            5,
            2,
            1,
            10,
            1
        ],
        "accuracy": 0.44
    },
    "everything": {
        "joint": {
            "preds": [
                2,
                2,
                2,
                0,
                0,
                2,
                2,
                2,
                0,
                2,
                2,
                3,
                2,
                2,
                0,
                3,
                2,
                2,
                0,
                2,
                0,
                3,
                2,
                2,
                2,
                2,
                2,
                3,
                2,
                2,
                3,
                3,
                2,
                0,
                1,
                2,
                3,
                0,
                2,
                2,
                2,
                0,
                3,
                0,
                2,
                2,
                2,
                0,
                3,
                3
            ],
            "accuracy": 0.06
        },
        "video": {
            "preds": [
                0,
                11,
                2,
                9,
                2,
                17,
                17,
                0,
                5,
                19,
                13,
                3,
                11,
                7,
                6,
                9,
                8,
                2,
                0,
                16,
                5,
                4,
                0,
                1,
                6,
                3,
                3,
                2,
                9,
                7,
                1,
                18,
                17,
                24,
                1,
                0,
                1,
                1,
                15,
                6,
                2,
                24,
                2,
                1,
                7,
                2,
                2,
                0,
                2,
                0
            ],
            "accuracy": 0.22
        },
        "question": {
            "preds": [
                14,
                11,
                1,
                5,
                2,
                17,
                24,
                10,
                21,
                24,
                13,
                22,
                4,
                7,
                6,
                9,
                8,
                1,
                14,
                16,
                17,
                4,
                0,
                1,
                12,
                11,
                3,
                3,
                4,
                1,
                23,
                18,
                13,
                24,
                12,
                0,
                8,
                1,
                21,
                2,
                18,
                1,
                16,
                1,
                13,
                2,
                2,
                1,
                0,
                1
            ],
            "accuracy": 0.32
        },
        "answer": {
            "preds": [
                2,
                2,
                2,
                0,
                0,
                2,
                2,
                2,
                0,
                2,
                2,
                3,
                2,
                2,
                0,
                3,
                2,
                2,
                0,
                2,
                0,
                3,
                2,
                2,
                2,
                2,
                2,
                3,
                2,
                2,
                3,
                3,
                2,
                0,
                1,
                2,
                3,
                0,
                2,
                2,
                2,
                0,
                3,
                0,
                2,
                2,
                2,
                0,
                3,
                3
            ],
            "accuracy": 0.06
        }
    },
    "positive": {
        "ground_truth": {
            "joint": {
                "preds": [
                    11,
                    11,
                    3,
                    22,
                    2,
                    0,
                    24,
                    10,
                    21,
                    9,
                    3,
                    17,
                    4,
                    1,
                    10,
                    15,
                    8,
                    2,
                    4,
                    12,
                    5,
                    3,
                    11,
                    9,
                    16,
                    3,
                    17,
                    17,
                    17,
                    7,
                    5,
                    3,
                    17,
                    24,
                    23,
                    2,
                    13,
                    10,
                    15,
                    2,
                    3,
                    24,
                    2,
                    11,
                    19,
                    2,
                    17,
                    17,
                    0,
                    3
                ],
                "accuracy": 0.0
            },
            "video": {
                "preds": [
                    14,
                    14,
                    1,
                    5,
                    13,
                    17,
                    17,
                    10,
                    21,
                    24,
                    13,
                    22,
                    4,
                    7,
                    6,
                    9,
                    8,
                    2,
                    14,
                    16,
                    2,
                    4,
                    0,
                    1,
                    12,
                    3,
                    5,
                    3,
                    19,
                    7,
                    4,
                    18,
                    17,
                    24,
                    17,
                    0,
                    1,
                    10,
                    21,
                    3,
                    18,
                    24,
                    16,
                    11,
                    7,
                    5,
                    2,
                    1,
                    10,
                    1
                ],
                "accuracy": 0.38
            },
            "question": {
                "preds": [
                    14,
                    11,
                    6,
                    5,
                    2,
                    17,
                    24,
                    10,
                    21,
                    24,
                    13,
                    22,
                    4,
                    7,
                    6,
                    9,
                    8,
                    2,
                    14,
                    16,
                    0,
                    4,
                    0,
                    1,
                    6,
                    3,
                    3,
                    2,
                    4,
                    7,
                    4,
                    3,
                    13,
                    24,
                    1,
                    0,
                    8,
                    10,
                    15,
                    2,
                    18,
                    24,
                    16,
                    11,
                    13,
                    2,
                    2,
                    1,
                    0,
                    0
                ],
                "accuracy": 0.2
            },
            "answer": {
                "preds": [
                    11,
                    11,
                    3,
                    22,
                    2,
                    0,
                    24,
                    10,
                    21,
                    9,
                    3,
                    17,
                    4,
                    1,
                    10,
                    15,
                    8,
                    2,
                    4,
                    12,
                    5,
                    3,
                    11,
                    9,
                    16,
                    3,
                    17,
                    17,
                    17,
                    7,
                    5,
                    3,
                    17,
                    24,
                    23,
                    2,
                    13,
                    10,
                    15,
                    2,
                    3,
                    24,
                    2,
                    11,
                    19,
                    2,
                    17,
                    17,
                    0,
                    3
                ],
                "accuracy": 0.0
            }
        },
        "false": {
            "joint": {
                "preds": [
                    12,
                    11,
                    3,
                    22,
                    2,
                    17,
                    22,
                    10,
                    21,
                    9,
                    14,
                    17,
                    12,
                    10,
                    6,
                    15,
                    8,
                    8,
                    14,
                    12,
                    17,
                    8,
                    19,
                    9,
                    12,
                    11,
                    5,
                    3,
                    17,
                    7,
                    23,
                    3,
                    17,
                    24,
                    17,
                    0,
                    1,
                    10,
                    21,
                    12,
                    5,
                    21,
                    16,
                    11,
                    19,
                    2,
                    17,
                    17,
                    10,
                    8
                ],
                "accuracy": 0.34
            },
            "video": {
                "preds": [
                    14,
                    14,
                    1,
                    5,
                    13,
                    17,
                    17,
                    13,
                    21,
                    24,
                    13,
                    22,
                    4,
                    7,
                    6,
                    9,
                    8,
                    2,
                    14,
                    16,
                    0,
                    0,
                    20,
                    1,
                    12,
                    3,
                    5,
                    3,
                    19,
                    7,
                    4,
                    18,
                    17,
                    24,
                    17,
                    0,
                    1,
                    10,
                    21,
                    3,
                    18,
                    24,
                    16,
                    11,
                    7,
                    5,
                    2,
                    1,
                    10,
                    1
                ],
                "accuracy": 0.44
            },
            "question": {
                "preds": [
                    14,
                    11,
                    1,
                    5,
                    2,
                    17,
                    17,
                    10,
                    21,
                    24,
                    13,
                    22,
                    4,
                    7,
                    6,
                    5,
                    8,
                    2,
                    14,
                    16,
                    17,
                    4,
                    0,
                    1,
                    6,
                    3,
                    3,
                    2,
                    4,
                    7,
                    4,
                    18,
                    17,
                    1,
                    17,
                    0,
                    1,
                    10,
                    15,
                    2,
                    18,
                    24,
                    16,
                    11,
                    13,
                    5,
                    2,
                    1,
                    3,
                    0
                ],
                "accuracy": 0.3
            },
            "answer": {
                "preds": [
                    12,
                    11,
                    3,
                    22,
                    2,
                    17,
                    22,
                    10,
                    21,
                    9,
                    14,
                    17,
                    12,
                    10,
                    6,
                    15,
                    8,
                    8,
                    14,
                    12,
                    17,
                    8,
                    19,
                    9,
                    12,
                    11,
                    5,
                    3,
                    17,
                    7,
                    23,
                    3,
                    17,
                    24,
                    17,
                    0,
                    1,
                    10,
                    21,
                    12,
                    5,
                    21,
                    16,
                    11,
                    19,
                    2,
                    17,
                    17,
                    10,
                    8
                ],
                "accuracy": 0.34
            }
        },
        "all": {
            "joint": {
                "preds": [
                    12,
                    11,
                    3,
                    22,
                    2,
                    17,
                    22,
                    10,
                    21,
                    7,
                    14,
                    17,
                    12,
                    7,
                    22,
                    9,
                    8,
                    8,
                    14,
                    12,
                    17,
                    2,
                    19,
                    9,
                    12,
                    11,
                    5,
                    3,
                    17,
                    7,
                    23,
                    3,
                    17,
                    24,
                    17,
                    17,
                    8,
                    10,
                    21,
                    12,
                    5,
                    21,
                    16,
                    11,
                    19,
                    2,
                    17,
                    17,
                    10,
                    18
                ],
                "accuracy": 0.22
            },
            "video": {
                "preds": [
                    14,
                    14,
                    1,
                    5,
                    13,
                    17,
                    17,
                    13,
                    21,
                    24,
                    13,
                    22,
                    4,
                    7,
                    6,
                    9,
                    8,
                    2,
                    14,
                    16,
                    0,
                    0,
                    20,
                    1,
                    12,
                    3,
                    5,
                    3,
                    19,
                    7,
                    4,
                    18,
                    17,
                    24,
                    17,
                    0,
                    1,
                    10,
                    21,
                    3,
                    18,
                    24,
                    16,
                    11,
                    7,
                    5,
                    2,
                    1,
                    10,
                    1
                ],
                "accuracy": 0.44
            },
            "question": {
                "preds": [
                    14,
                    11,
                    1,
                    5,
                    2,
                    17,
                    17,
                    10,
                    21,
                    24,
                    13,
                    22,
                    4,
                    7,
                    6,
                    5,
                    8,
                    2,
                    14,
                    16,
                    17,
                    4,
                    0,
                    1,
                    6,
                    3,
                    3,
                    2,
                    4,
                    7,
                    4,
                    18,
                    17,
                    1,
                    17,
                    0,
                    1,
                    10,
                    15,
                    2,
                    18,
                    24,
                    16,
                    11,
                    13,
                    5,
                    2,
                    1,
                    0,
                    0
                ],
                "accuracy": 0.3
            },
            "answer": {
                "preds": [
                    12,
                    11,
                    3,
                    22,
                    2,
                    17,
                    22,
                    10,
                    21,
                    7,
                    14,
                    17,
                    12,
                    7,
                    22,
                    9,
                    8,
                    8,
                    14,
                    12,
                    17,
                    2,
                    19,
                    9,
                    12,
                    11,
                    5,
                    3,
                    17,
                    7,
                    23,
                    3,
                    17,
                    24,
                    17,
                    17,
                    8,
                    10,
                    21,
                    12,
                    5,
                    21,
                    16,
                    11,
                    19,
                    2,
                    17,
                    17,
                    10,
                    18
                ],
                "accuracy": 0.22
            }
        }
    },
    "negative": {
        "ground_truth": {
            "joint": {
                "preds": [
                    0,
                    21,
                    1,
                    9,
                    0,
                    17,
                    17,
                    13,
                    14,
                    24,
                    13,
                    22,
                    11,
                    10,
                    6,
                    5,
                    22,
                    8,
                    14,
                    14,
                    0,
                    10,
                    20,
                    18,
                    12,
                    11,
                    5,
                    3,
                    19,
                    23,
                    23,
                    18,
                    13,
                    1,
                    17,
                    0,
                    1,
                    16,
                    11,
                    12,
                    7,
                    1,
                    3,
                    22,
                    7,
                    14,
                    9,
                    1,
                    10,
                    8
                ],
                "accuracy": 0.9
            },
            "video": {
                "preds": [
                    14,
                    14,
                    1,
                    5,
                    13,
                    17,
                    17,
                    13,
                    21,
                    24,
                    13,
                    22,
                    4,
                    10,
                    6,
                    5,
                    8,
                    2,
                    14,
                    16,
                    0,
                    0,
                    20,
                    1,
                    12,
                    3,
                    5,
                    3,
                    19,
                    7,
                    4,
                    18,
                    17,
                    24,
                    17,
                    0,
                    1,
                    10,
                    21,
                    3,
                    18,
                    24,
                    3,
                    11,
                    7,
                    5,
                    2,
                    1,
                    10,
                    8
                ],
                "accuracy": 0.52
            },
            "question": {
                "preds": [
                    14,
                    11,
                    1,
                    5,
                    13,
                    17,
                    17,
                    13,
                    21,
                    24,
                    13,
                    22,
                    4,
                    10,
                    6,
                    9,
                    8,
                    2,
                    14,
                    16,
                    0,
                    0,
                    0,
                    1,
                    12,
                    11,
                    5,
                    3,
                    4,
                    7,
                    4,
                    18,
                    17,
                    24,
                    17,
                    0,
                    1,
                    2,
                    21,
                    3,
                    18,
                    24,
                    16,
                    1,
                    7,
                    14,
                    2,
                    1,
                    10,
                    1
                ],
                "accuracy": 0.44
            },
            "answer": {
                "preds": [
                    0,
                    21,
                    1,
                    9,
                    0,
                    17,
                    17,
                    13,
                    14,
                    24,
                    13,
                    22,
                    11,
                    10,
                    6,
                    5,
                    22,
                    8,
                    14,
                    14,
                    0,
                    10,
                    20,
                    18,
                    12,
                    11,
                    5,
                    3,
                    19,
                    23,
                    23,
                    18,
                    13,
                    1,
                    17,
                    0,
                    1,
                    16,
                    11,
                    12,
                    7,
                    1,
                    3,
                    22,
                    7,
                    14,
                    9,
                    1,
                    10,
                    8
                ],
                "accuracy": 0.9
            }
        },
        "false": {
            "joint": {
                "preds": [
                    2,
                    5,
                    18,
                    12,
                    0,
                    2,
                    16,
                    1,
                    24,
                    12,
                    13,
                    18,
                    4,
                    3,
                    2,
                    2,
                    1,
                    4,
                    8,
                    1,
                    2,
                    1,
                    12,
                    9,
                    3,
                    3,
                    19,
                    3,
                    9,
                    18,
                    2,
                    18,
                    13,
                    1,
                    12,
                    1,
                    13,
                    2,
                    2,
                    18,
                    8,
                    24,
                    10,
                    10,
                    13,
                    14,
                    2,
                    13,
                    2,
                    1
                ],
                "accuracy": 0.12
            },
            "video": {
                "preds": [
                    14,
                    14,
                    1,
                    5,
                    2,
                    17,
                    17,
                    13,
                    21,
                    24,
                    13,
                    22,
                    4,
                    7,
                    6,
                    9,
                    8,
                    2,
                    14,
                    16,
                    0,
                    0,
                    0,
                    1,
                    12,
                    3,
                    5,
                    3,
                    19,
                    7,
                    4,
                    18,
                    17,
                    24,
                    17,
                    0,
                    1,
                    10,
                    21,
                    3,
                    18,
                    24,
                    3,
                    11,
                    7,
                    5,
                    2,
                    1,
                    10,
                    1
                ],
                "accuracy": 0.44
            },
            "question": {
                "preds": [
                    14,
                    11,
                    1,
                    5,
                    2,
                    17,
                    17,
                    0,
                    21,
                    24,
                    13,
                    22,
                    4,
                    7,
                    6,
                    9,
                    8,
                    11,
                    14,
                    16,
                    0,
                    4,
                    0,
                    1,
                    12,
                    11,
                    5,
                    3,
                    4,
                    7,
                    4,
                    18,
                    13,
                    24,
                    12,
                    0,
                    1,
                    1,
                    15,
                    2,
                    18,
                    24,
                    1,
                    1,
                    13,
                    2,
                    2,
                    1,
                    10,
                    1
                ],
                "accuracy": 0.38
            },
            "answer": {
                "preds": [
                    2,
                    5,
                    18,
                    12,
                    0,
                    2,
                    16,
                    1,
                    24,
                    12,
                    13,
                    18,
                    4,
                    3,
                    2,
                    2,
                    1,
                    4,
                    8,
                    1,
                    2,
                    1,
                    12,
                    9,
                    3,
                    3,
                    19,
                    3,
                    9,
                    18,
                    2,
                    18,
                    13,
                    1,
                    12,
                    1,
                    13,
                    2,
                    2,
                    18,
                    8,
                    24,
                    10,
                    10,
                    13,
                    14,
                    2,
                    13,
                    2,
                    1
                ],
                "accuracy": 0.12
            }
        },
        "all": {
            "joint": {
                "preds": [
                    0,
                    14,
                    6,
                    12,
                    0,
                    2,
                    16,
                    2,
                    24,
                    12,
                    13,
                    18,
                    4,
                    3,
                    6,
                    5,
                    1,
                    4,
                    2,
                    1,
                    0,
                    1,
                    0,
                    9,
                    3,
                    21,
                    19,
                    3,
                    9,
                    18,
                    2,
                    18,
                    13,
                    1,
                    12,
                    1,
                    1,
                    2,
                    2,
                    18,
                    8,
                    24,
                    10,
                    19,
                    13,
                    14,
                    2,
                    13,
                    2,
                    1
                ],
                "accuracy": 0.22
            },
            "video": {
                "preds": [
                    14,
                    14,
                    1,
                    5,
                    2,
                    17,
                    17,
                    13,
                    21,
                    24,
                    13,
                    22,
                    4,
                    7,
                    6,
                    9,
                    8,
                    2,
                    14,
                    16,
                    0,
                    0,
                    0,
                    1,
                    12,
                    3,
                    5,
                    3,
                    19,
                    7,
                    4,
                    18,
                    17,
                    24,
                    17,
                    0,
                    1,
                    10,
                    21,
                    3,
                    18,
                    24,
                    3,
                    11,
                    7,
                    5,
                    2,
                    1,
                    10,
                    1
                ],
                "accuracy": 0.44
            },
            "question": {
                "preds": [
                    14,
                    11,
                    1,
                    5,
                    2,
                    17,
                    17,
                    0,
                    21,
                    24,
                    13,
                    22,
                    4,
                    7,
                    6,
                    9,
                    8,
                    1,
                    14,
                    16,
                    17,
                    4,
                    0,
                    1,
                    12,
                    11,
                    5,
                    3,
                    4,
                    7,
                    4,
                    18,
                    13,
                    24,
                    12,
                    0,
                    13,
                    1,
                    15,
                    2,
                    18,
                    24,
                    1,
                    1,
                    13,
                    2,
                    2,
                    1,
                    10,
                    1
                ],
                "accuracy": 0.34
            },
            "answer": {
                "preds": [
                    0,
                    14,
                    6,
                    12,
                    0,
                    2,
                    16,
                    2,
                    24,
                    12,
                    13,
                    18,
                    4,
                    3,
                    6,
                    5,
                    1,
                    4,
                    2,
                    1,
                    0,
                    1,
                    0,
                    9,
                    3,
                    21,
                    19,
                    3,
                    9,
                    18,
                    2,
                    18,
                    13,
                    1,
                    12,
                    1,
                    1,
                    2,
                    2,
                    18,
                    8,
                    24,
                    10,
                    19,
                    13,
                    14,
                    2,
                    13,
                    2,
                    1
                ],
                "accuracy": 0.22
            }
        }
    }
}