{
    "nothing": {
        "preds": [
            0,
            15,
            1,
            5,
            3,
            7,
            17,
            10,
            14,
            24,
            13,
            22,
            4,
            10,
            6,
            5,
            22,
            2,
            14,
            14,
            0,
            8,
            20,
            1,
            12,
            11,
            5,
            3,
            4,
            7,
            23,
            18,
            13,
            24,
            17,
            0,
            1,
            2,
            11,
            12,
            8,
            1,
            3,
            11,
            7,
            22,
            9,
            1,
            10,
            8
        ],
        "accuracy": 0.74
    },
    "everything": {
        "joint": {
            "preds": [
                2,
                2,
                2,
                2,
                2,
                2,
                2,
                2,
                3,
                2,
                2,
                2,
                2,
                2,
                2,
                2,
                2,
                2,
                3,
                2,
                2,
                2,
                0,
                2,
                2,
                2,
                2,
                2,
                2,
                2,
                2,
                0,
                2,
                2,
                2,
                2,
                2,
                2,
                2,
                2,
                2,
                2,
                2,
                2,
                2,
                2,
                2,
                2,
                2,
                2
            ],
            "accuracy": 0.0
        },
        "video": {
            "preds": [
                0,
                14,
                2,
                9,
                2,
                19,
                17,
                3,
                21,
                9,
                0,
                8,
                4,
                0,
                6,
                22,
                22,
                2,
                0,
                1,
                2,
                4,
                0,
                1,
                3,
                3,
                1,
                2,
                9,
                7,
                1,
                8,
                13,
                24,
                3,
                0,
                10,
                2,
                2,
                0,
                2,
                21,
                5,
                3,
                7,
                5,
                2,
                0,
                0,
                0
            ],
            "accuracy": 0.16
        },
        "question": {
            "preds": [
                0,
                24,
                1,
                5,
                16,
                7,
                17,
                10,
                21,
                24,
                13,
                22,
                4,
                10,
                6,
                5,
                22,
                8,
                14,
                14,
                3,
                8,
                20,
                18,
                12,
                11,
                5,
                3,
                4,
                7,
                23,
                8,
                13,
                24,
                17,
                0,
                8,
                2,
                11,
                7,
                8,
                24,
                3,
                11,
                7,
                22,
                9,
                1,
                10,
                8
            ],
            "accuracy": 0.66
        },
        "answer": {
            "preds": [
                2,
                2,
                2,
                2,
                2,
                2,
                2,
                2,
                3,
                2,
                2,
                2,
                2,
                2,
                2,
                2,
                2,
                2,
                3,
                2,
                2,
                2,
                0,
                2,
                2,
                2,
                2,
                2,
                2,
                2,
                2,
                0,
                2,
                2,
                2,
                2,
                2,
                2,
                2,
                2,
                2,
                2,
                2,
                2,
                2,
                2,
                2,
                2,
                2,
                2
            ],
            "accuracy": 0.0
        }
    },
    "positive": {
        "ground_truth": {
            "joint": {
                "preds": [
                    14,
                    24,
                    3,
                    5,
                    6,
                    11,
                    22,
                    10,
                    21,
                    9,
                    2,
                    8,
                    10,
                    7,
                    23,
                    9,
                    8,
                    4,
                    7,
                    4,
                    16,
                    1,
                    11,
                    9,
                    3,
                    5,
                    3,
                    22,
                    4,
                    7,
                    5,
                    8,
                    17,
                    24,
                    21,
                    4,
                    13,
                    2,
                    21,
                    24,
                    18,
                    23,
                    15,
                    11,
                    3,
                    5,
                    22,
                    17,
                    19,
                    16
                ],
                "accuracy": 0.0
            },
            "video": {
                "preds": [
                    0,
                    15,
                    1,
                    9,
                    3,
                    7,
                    17,
                    10,
                    21,
                    24,
                    13,
                    22,
                    4,
                    10,
                    6,
                    5,
                    22,
                    8,
                    14,
                    14,
                    3,
                    0,
                    20,
                    1,
                    12,
                    11,
                    5,
                    3,
                    4,
                    7,
                    5,
                    8,
                    13,
                    24,
                    17,
                    0,
                    1,
                    2,
                    21,
                    24,
                    8,
                    24,
                    3,
                    11,
                    7,
                    22,
                    9,
                    1,
                    10,
                    8
                ],
                "accuracy": 0.62
            },
            "question": {
                "preds": [
                    0,
                    15,
                    1,
                    5,
                    16,
                    19,
                    17,
                    10,
                    21,
                    24,
                    0,
                    22,
                    4,
                    9,
                    6,
                    5,
                    22,
                    8,
                    14,
                    14,
                    0,
                    8,
                    20,
                    1,
                    12,
                    11,
                    5,
                    3,
                    4,
                    7,
                    23,
                    18,
                    13,
                    24,
                    3,
                    0,
                    8,
                    2,
                    11,
                    7,
                    8,
                    21,
                    3,
                    11,
                    7,
                    5,
                    9,
                    1,
                    10,
                    8
                ],
                "accuracy": 0.6
            },
            "answer": {
                "preds": [
                    14,
                    24,
                    3,
                    5,
                    6,
                    11,
                    22,
                    10,
                    21,
                    9,
                    2,
                    8,
                    10,
                    7,
                    23,
                    9,
                    8,
                    4,
                    7,
                    4,
                    16,
                    1,
                    11,
                    9,
                    3,
                    5,
                    3,
                    22,
                    4,
                    7,
                    5,
                    8,
                    17,
                    24,
                    21,
                    4,
                    13,
                    2,
                    21,
                    24,
                    18,
                    23,
                    15,
                    11,
                    3,
                    5,
                    22,
                    17,
                    19,
                    16
                ],
                "accuracy": 0.0
            }
        },
        "false": {
            "joint": {
                "preds": [
                    14,
                    24,
                    1,
                    9,
                    19,
                    19,
                    17,
                    13,
                    21,
                    24,
                    13,
                    22,
                    11,
                    7,
                    6,
                    22,
                    22,
                    8,
                    14,
                    14,
                    16,
                    8,
                    20,
                    9,
                    12,
                    11,
                    5,
                    3,
                    4,
                    23,
                    5,
                    18,
                    17,
                    24,
                    17,
                    4,
                    10,
                    3,
                    11,
                    24,
                    8,
                    1,
                    3,
                    11,
                    7,
                    22,
                    17,
                    1,
                    10,
                    8
                ],
                "accuracy": 0.64
            },
            "video": {
                "preds": [
                    0,
                    15,
                    1,
                    9,
                    3,
                    7,
                    17,
                    10,
                    14,
                    24,
                    13,
                    22,
                    4,
                    10,
                    6,
                    5,
                    22,
                    8,
                    14,
                    14,
                    0,
                    8,
                    20,
                    1,
                    12,
                    11,
                    5,
                    3,
                    4,
                    7,
                    5,
                    18,
                    13,
                    24,
                    17,
                    0,
                    1,
                    2,
                    11,
                    12,
                    8,
                    1,
                    3,
                    11,
                    7,
                    22,
                    9,
                    1,
                    10,
                    8
                ],
                "accuracy": 0.76
            },
            "question": {
                "preds": [
                    0,
                    11,
                    1,
                    5,
                    16,
                    7,
                    17,
                    10,
                    14,
                    24,
                    13,
                    22,
                    4,
                    10,
                    6,
                    5,
                    22,
                    8,
                    14,
                    14,
                    0,
                    8,
                    20,
                    9,
                    12,
                    11,
                    5,
                    3,
                    4,
                    7,
                    23,
                    18,
                    13,
                    24,
                    17,
                    0,
                    8,
                    2,
                    11,
                    12,
                    8,
                    24,
                    3,
                    11,
                    7,
                    22,
                    9,
                    1,
                    10,
                    8
                ],
                "accuracy": 0.72
            },
            "answer": {
                "preds": [
                    14,
                    24,
                    1,
                    9,
                    19,
                    19,
                    17,
                    13,
                    21,
                    24,
                    13,
                    22,
                    11,
                    7,
                    6,
                    22,
                    22,
                    8,
                    14,
                    14,
                    16,
                    8,
                    20,
                    9,
                    12,
                    11,
                    5,
                    3,
                    4,
                    23,
                    5,
                    18,
                    17,
                    24,
                    17,
                    4,
                    10,
                    3,
                    11,
                    24,
                    8,
                    1,
                    3,
                    11,
                    7,
                    22,
                    17,
                    1,
                    10,
                    8
                ],
                "accuracy": 0.64
            }
        },
        "all": {
            "joint": {
                "preds": [
                    14,
                    24,
                    1,
                    5,
                    16,
                    19,
                    17,
                    13,
                    21,
                    24,
                    13,
                    22,
                    10,
                    7,
                    6,
                    22,
                    22,
                    8,
                    14,
                    14,
                    0,
                    8,
                    20,
                    9,
                    12,
                    11,
                    5,
                    3,
                    4,
                    23,
                    5,
                    8,
                    17,
                    24,
                    21,
                    4,
                    10,
                    3,
                    11,
                    24,
                    8,
                    1,
                    3,
                    11,
                    7,
                    22,
                    22,
                    17,
                    10,
                    8
                ],
                "accuracy": 0.54
            },
            "video": {
                "preds": [
                    0,
                    15,
                    1,
                    9,
                    3,
                    7,
                    17,
                    10,
                    14,
                    24,
                    13,
                    22,
                    4,
                    10,
                    6,
                    5,
                    22,
                    8,
                    14,
                    14,
                    3,
                    8,
                    20,
                    1,
                    12,
                    11,
                    5,
                    3,
                    4,
                    7,
                    5,
                    18,
                    13,
                    24,
                    17,
                    0,
                    1,
                    2,
                    11,
                    12,
                    8,
                    1,
                    3,
                    11,
                    7,
                    22,
                    9,
                    1,
                    10,
                    8
                ],
                "accuracy": 0.74
            },
            "question": {
                "preds": [
                    0,
                    11,
                    1,
                    5,
                    16,
                    7,
                    17,
                    10,
                    14,
                    24,
                    13,
                    22,
                    4,
                    10,
                    6,
                    5,
                    22,
                    8,
                    14,
                    14,
                    0,
                    8,
                    20,
                    9,
                    12,
                    11,
                    5,
                    3,
                    4,
                    7,
                    23,
                    18,
                    13,
                    24,
                    17,
                    0,
                    8,
                    2,
                    11,
                    12,
                    8,
                    24,
                    3,
                    11,
                    7,
                    22,
                    9,
                    1,
                    10,
                    8
                ],
                "accuracy": 0.72
            },
            "answer": {
                "preds": [
                    14,
                    24,
                    1,
                    5,
                    16,
                    19,
                    17,
                    13,
                    21,
                    24,
                    13,
                    22,
                    10,
                    7,
                    6,
                    22,
                    22,
                    8,
                    14,
                    14,
                    0,
                    8,
                    20,
                    9,
                    12,
                    11,
                    5,
                    3,
                    4,
                    23,
                    5,
                    8,
                    17,
                    24,
                    21,
                    4,
                    10,
                    3,
                    11,
                    24,
                    8,
                    1,
                    3,
                    11,
                    7,
                    22,
                    22,
                    17,
                    10,
                    8
                ],
                "accuracy": 0.54
            }
        }
    },
    "negative": {
        "ground_truth": {
            "joint": {
                "preds": [
                    0,
                    21,
                    1,
                    9,
                    19,
                    17,
                    17,
                    13,
                    14,
                    24,
                    13,
                    22,
                    11,
                    10,
                    6,
                    5,
                    22,
                    8,
                    14,
                    14,
                    0,
                    8,
                    20,
                    18,
                    12,
                    11,
                    5,
                    3,
                    19,
                    23,
                    23,
                    18,
                    13,
                    1,
                    17,
                    0,
                    1,
                    3,
                    11,
                    12,
                    8,
                    1,
                    3,
                    23,
                    7,
                    22,
                    9,
                    1,
                    10,
                    8
                ],
                "accuracy": 0.98
            },
            "video": {
                "preds": [
                    0,
                    15,
                    1,
                    9,
                    3,
                    19,
                    17,
                    13,
                    14,
                    24,
                    13,
                    22,
                    4,
                    10,
                    6,
                    5,
                    22,
                    8,
                    14,
                    14,
                    0,
                    8,
                    20,
                    1,
                    12,
                    11,
                    5,
                    3,
                    4,
                    7,
                    23,
                    18,
                    13,
                    24,
                    17,
                    0,
                    1,
                    2,
                    11,
                    12,
                    8,
                    1,
                    3,
                    11,
                    7,
                    22,
                    9,
                    1,
                    10,
                    8
                ],
                "accuracy": 0.8
            },
            "question": {
                "preds": [
                    0,
                    15,
                    1,
                    5,
                    19,
                    7,
                    17,
                    13,
                    21,
                    24,
                    13,
                    22,
                    4,
                    10,
                    6,
                    5,
                    22,
                    2,
                    14,
                    14,
                    0,
                    8,
                    20,
                    9,
                    12,
                    11,
                    5,
                    3,
                    4,
                    7,
                    23,
                    8,
                    13,
                    24,
                    17,
                    0,
                    1,
                    2,
                    11,
                    12,
                    8,
                    21,
                    3,
                    11,
                    7,
                    22,
                    9,
                    1,
                    10,
                    8
                ],
                "accuracy": 0.72
            },
            "answer": {
                "preds": [
                    0,
                    21,
                    1,
                    9,
                    19,
                    17,
                    17,
                    13,
                    14,
                    24,
                    13,
                    22,
                    11,
                    10,
                    6,
                    5,
                    22,
                    8,
                    14,
                    14,
                    0,
                    8,
                    20,
                    18,
                    12,
                    11,
                    5,
                    3,
                    19,
                    23,
                    23,
                    18,
                    13,
                    1,
                    17,
                    0,
                    1,
                    3,
                    11,
                    12,
                    8,
                    1,
                    3,
                    23,
                    7,
                    22,
                    9,
                    1,
                    10,
                    8
                ],
                "accuracy": 0.98
            }
        },
        "false": {
            "joint": {
                "preds": [
                    12,
                    14,
                    3,
                    12,
                    15,
                    7,
                    0,
                    3,
                    7,
                    6,
                    0,
                    1,
                    4,
                    10,
                    6,
                    6,
                    2,
                    2,
                    2,
                    3,
                    6,
                    9,
                    0,
                    21,
                    3,
                    2,
                    5,
                    3,
                    9,
                    2,
                    9,
                    3,
                    4,
                    1,
                    3,
                    4,
                    8,
                    2,
                    2,
                    7,
                    9,
                    3,
                    1,
                    3,
                    3,
                    5,
                    2,
                    5,
                    10,
                    0
                ],
                "accuracy": 0.12
            },
            "video": {
                "preds": [
                    0,
                    15,
                    1,
                    5,
                    3,
                    19,
                    17,
                    10,
                    14,
                    24,
                    13,
                    22,
                    4,
                    10,
                    6,
                    5,
                    22,
                    8,
                    14,
                    14,
                    0,
                    0,
                    20,
                    1,
                    12,
                    11,
                    5,
                    3,
                    4,
                    7,
                    23,
                    8,
                    13,
                    24,
                    17,
                    0,
                    1,
                    2,
                    21,
                    12,
                    8,
                    21,
                    3,
                    11,
                    7,
                    22,
                    9,
                    1,
                    10,
                    8
                ],
                "accuracy": 0.68
            },
            "question": {
                "preds": [
                    0,
                    15,
                    1,
                    5,
                    19,
                    7,
                    17,
                    10,
                    21,
                    24,
                    13,
                    22,
                    4,
                    10,
                    6,
                    5,
                    22,
                    2,
                    14,
                    14,
                    0,
                    8,
                    20,
                    1,
                    12,
                    11,
                    5,
                    3,
                    4,
                    7,
                    23,
                    8,
                    13,
                    24,
                    17,
                    0,
                    1,
                    2,
                    11,
                    7,
                    8,
                    21,
                    3,
                    11,
                    7,
                    22,
                    9,
                    1,
                    10,
                    8
                ],
                "accuracy": 0.68
            },
            "answer": {
                "preds": [
                    12,
                    14,
                    3,
                    12,
                    15,
                    7,
                    0,
                    3,
                    7,
                    6,
                    0,
                    1,
                    4,
                    10,
                    6,
                    6,
                    2,
                    2,
                    2,
                    3,
                    6,
                    9,
                    0,
                    21,
                    3,
                    2,
                    5,
                    3,
                    9,
                    2,
                    9,
                    3,
                    4,
                    1,
                    3,
                    4,
                    8,
                    2,
                    2,
                    7,
                    9,
                    3,
                    1,
                    3,
                    3,
                    5,
                    2,
                    5,
                    10,
                    0
                ],
                "accuracy": 0.12
            }
        },
        "all": {
            "joint": {
                "preds": [
                    12,
                    14,
                    3,
                    12,
                    15,
                    7,
                    0,
                    3,
                    7,
                    6,
                    0,
                    1,
                    4,
                    10,
                    6,
                    6,
                    2,
                    8,
                    2,
                    3,
                    3,
                    9,
                    0,
                    21,
                    3,
                    2,
                    5,
                    3,
                    9,
                    2,
                    9,
                    3,
                    4,
                    1,
                    3,
                    4,
                    8,
                    2,
                    2,
                    7,
                    9,
                    3,
                    1,
                    3,
                    3,
                    5,
                    2,
                    5,
                    10,
                    0
                ],
                "accuracy": 0.14
            },
            "video": {
                "preds": [
                    0,
                    15,
                    1,
                    5,
                    3,
                    19,
                    17,
                    10,
                    14,
                    24,
                    13,
                    22,
                    4,
                    10,
                    6,
                    5,
                    22,
                    8,
                    14,
                    14,
                    0,
                    0,
                    20,
                    1,
                    12,
                    11,
                    5,
                    3,
                    4,
                    7,
                    23,
                    8,
                    13,
                    24,
                    17,
                    0,
                    1,
                    2,
                    21,
                    12,
                    8,
                    21,
                    3,
                    11,
                    7,
                    22,
                    9,
                    1,
                    10,
                    8
                ],
                "accuracy": 0.68
            },
            "question": {
                "preds": [
                    0,
                    15,
                    1,
                    5,
                    19,
                    7,
                    17,
                    10,
                    21,
                    24,
                    13,
                    22,
                    4,
                    10,
                    6,
                    5,
                    22,
                    2,
                    14,
                    14,
                    0,
                    8,
                    20,
                    1,
                    12,
                    11,
                    5,
                    3,
                    4,
                    7,
                    23,
                    8,
                    13,
                    24,
                    17,
                    0,
                    1,
                    2,
                    11,
                    7,
                    8,
                    21,
                    3,
                    11,
                    7,
                    22,
                    9,
                    1,
                    10,
                    8
                ],
                "accuracy": 0.68
            },
            "answer": {
                "preds": [
                    12,
                    14,
                    3,
                    12,
                    15,
                    7,
                    0,
                    3,
                    7,
                    6,
                    0,
                    1,
                    4,
                    10,
                    6,
                    6,
                    2,
                    8,
                    2,
                    3,
                    3,
                    9,
                    0,
                    21,
                    3,
                    2,
                    5,
                    3,
                    9,
                    2,
                    9,
                    3,
                    4,
                    1,
                    3,
                    4,
                    8,
                    2,
                    2,
                    7,
                    9,
                    3,
                    1,
                    3,
                    3,
                    5,
                    2,
                    5,
                    10,
                    0
                ],
                "accuracy": 0.14
            }
        }
    }
}