{
    "nothing": {
        "preds": [
            12,
            11,
            1,
            9,
            3,
            7,
            17,
            13,
            14,
            6,
            13,
            8,
            4,
            7,
            6,
            5,
            22,
            2,
            14,
            14,
            0,
            0,
            20,
            9,
            12,
            11,
            5,
            3,
            4,
            7,
            5,
            8,
            17,
            24,
            13,
            0,
            8,
            2,
            11,
            9,
            8,
            21,
            16,
            3,
            7,
            22,
            2,
            17,
            10,
            8
        ],
        "accuracy": 0.48
    },
    "everything": {
        "joint": {
            "preds": [
                7,
                6,
                4,
                3,
                4,
                2,
                6,
                2,
                2,
                4,
                2,
                2,
                2,
                2,
                3,
                1,
                2,
                2,
                4,
                2,
                7,
                3,
                2,
                4,
                2,
                2,
                4,
                4,
                2,
                4,
                9,
                4,
                7,
                2,
                2,
                2,
                2,
                2,
                2,
                4,
                3,
                2,
                9,
                4,
                8,
                3,
                8,
                2,
                4,
                3
            ],
            "accuracy": 0.0
        },
        "video": {
            "preds": [
                12,
                14,
                2,
                9,
                6,
                7,
                17,
                22,
                8,
                8,
                9,
                8,
                10,
                8,
                6,
                5,
                22,
                2,
                7,
                16,
                7,
                9,
                7,
                1,
                6,
                3,
                5,
                3,
                4,
                7,
                4,
                8,
                17,
                10,
                3,
                0,
                13,
                10,
                15,
                9,
                8,
                21,
                21,
                3,
                7,
                5,
                2,
                0,
                8,
                0
            ],
            "accuracy": 0.2
        },
        "question": {
            "preds": [
                24,
                11,
                1,
                9,
                3,
                7,
                12,
                13,
                14,
                24,
                13,
                22,
                4,
                7,
                6,
                9,
                22,
                8,
                14,
                18,
                6,
                8,
                20,
                9,
                12,
                11,
                5,
                3,
                4,
                7,
                5,
                8,
                13,
                24,
                12,
                0,
                8,
                17,
                11,
                4,
                8,
                21,
                16,
                3,
                7,
                14,
                9,
                17,
                10,
                8
            ],
            "accuracy": 0.5
        },
        "answer": {
            "preds": [
                7,
                6,
                4,
                3,
                4,
                2,
                6,
                2,
                2,
                4,
                2,
                2,
                2,
                2,
                3,
                1,
                2,
                2,
                4,
                2,
                7,
                3,
                2,
                4,
                2,
                2,
                4,
                4,
                2,
                4,
                9,
                4,
                7,
                2,
                2,
                2,
                2,
                2,
                2,
                4,
                3,
                2,
                9,
                4,
                8,
                3,
                8,
                2,
                4,
                3
            ],
            "accuracy": 0.0
        }
    },
    "positive": {
        "ground_truth": {
            "joint": {
                "preds": [
                    23,
                    14,
                    4,
                    5,
                    3,
                    7,
                    22,
                    13,
                    9,
                    9,
                    13,
                    8,
                    4,
                    7,
                    23,
                    9,
                    8,
                    24,
                    8,
                    4,
                    17,
                    0,
                    7,
                    9,
                    16,
                    3,
                    10,
                    2,
                    4,
                    7,
                    5,
                    3,
                    17,
                    24,
                    13,
                    24,
                    10,
                    2,
                    21,
                    4,
                    18,
                    21,
                    16,
                    20,
                    24,
                    14,
                    22,
                    17,
                    6,
                    18
                ],
                "accuracy": 0.04
            },
            "video": {
                "preds": [
                    12,
                    11,
                    1,
                    9,
                    3,
                    7,
                    17,
                    13,
                    14,
                    8,
                    13,
                    8,
                    4,
                    7,
                    6,
                    5,
                    8,
                    2,
                    14,
                    14,
                    7,
                    0,
                    7,
                    9,
                    6,
                    11,
                    5,
                    3,
                    4,
                    7,
                    5,
                    8,
                    17,
                    24,
                    13,
                    0,
                    8,
                    2,
                    21,
                    4,
                    8,
                    21,
                    16,
                    3,
                    7,
                    5,
                    9,
                    17,
                    10,
                    8
                ],
                "accuracy": 0.38
            },
            "question": {
                "preds": [
                    12,
                    11,
                    1,
                    9,
                    3,
                    7,
                    12,
                    13,
                    14,
                    6,
                    13,
                    8,
                    4,
                    7,
                    6,
                    5,
                    12,
                    2,
                    14,
                    18,
                    7,
                    0,
                    20,
                    1,
                    12,
                    11,
                    3,
                    3,
                    4,
                    7,
                    5,
                    3,
                    17,
                    24,
                    12,
                    0,
                    8,
                    24,
                    11,
                    9,
                    8,
                    21,
                    16,
                    3,
                    7,
                    14,
                    2,
                    17,
                    10,
                    8
                ],
                "accuracy": 0.36
            },
            "answer": {
                "preds": [
                    23,
                    14,
                    4,
                    5,
                    3,
                    7,
                    22,
                    13,
                    9,
                    9,
                    13,
                    8,
                    4,
                    7,
                    23,
                    9,
                    8,
                    24,
                    8,
                    4,
                    17,
                    0,
                    7,
                    9,
                    16,
                    3,
                    10,
                    2,
                    4,
                    7,
                    5,
                    3,
                    17,
                    24,
                    13,
                    24,
                    10,
                    2,
                    21,
                    4,
                    18,
                    21,
                    16,
                    20,
                    24,
                    14,
                    22,
                    17,
                    6,
                    18
                ],
                "accuracy": 0.04
            }
        },
        "false": {
            "joint": {
                "preds": [
                    23,
                    24,
                    1,
                    9,
                    3,
                    17,
                    17,
                    13,
                    14,
                    24,
                    13,
                    22,
                    11,
                    7,
                    6,
                    5,
                    22,
                    8,
                    14,
                    4,
                    6,
                    0,
                    20,
                    18,
                    12,
                    11,
                    5,
                    3,
                    4,
                    23,
                    5,
                    8,
                    17,
                    24,
                    13,
                    0,
                    8,
                    13,
                    21,
                    12,
                    8,
                    21,
                    16,
                    3,
                    7,
                    5,
                    9,
                    17,
                    10,
                    8
                ],
                "accuracy": 0.58
            },
            "video": {
                "preds": [
                    12,
                    15,
                    1,
                    9,
                    3,
                    7,
                    17,
                    13,
                    14,
                    8,
                    13,
                    8,
                    4,
                    7,
                    6,
                    5,
                    22,
                    2,
                    14,
                    14,
                    7,
                    0,
                    20,
                    9,
                    12,
                    11,
                    5,
                    3,
                    4,
                    7,
                    5,
                    8,
                    17,
                    24,
                    13,
                    0,
                    8,
                    2,
                    11,
                    4,
                    8,
                    21,
                    16,
                    3,
                    7,
                    14,
                    2,
                    17,
                    10,
                    8
                ],
                "accuracy": 0.44
            },
            "question": {
                "preds": [
                    12,
                    11,
                    1,
                    9,
                    3,
                    7,
                    17,
                    13,
                    14,
                    6,
                    13,
                    22,
                    4,
                    7,
                    6,
                    5,
                    22,
                    2,
                    14,
                    14,
                    6,
                    8,
                    20,
                    1,
                    16,
                    11,
                    5,
                    3,
                    4,
                    7,
                    5,
                    8,
                    17,
                    24,
                    17,
                    0,
                    8,
                    2,
                    11,
                    4,
                    8,
                    21,
                    16,
                    3,
                    7,
                    14,
                    2,
                    17,
                    10,
                    8
                ],
                "accuracy": 0.48
            },
            "answer": {
                "preds": [
                    23,
                    24,
                    1,
                    9,
                    3,
                    17,
                    17,
                    13,
                    14,
                    24,
                    13,
                    22,
                    11,
                    7,
                    6,
                    5,
                    22,
                    8,
                    14,
                    4,
                    6,
                    0,
                    20,
                    18,
                    12,
                    11,
                    5,
                    3,
                    4,
                    23,
                    5,
                    8,
                    17,
                    24,
                    13,
                    0,
                    8,
                    13,
                    21,
                    12,
                    8,
                    21,
                    16,
                    3,
                    7,
                    5,
                    9,
                    17,
                    10,
                    8
                ],
                "accuracy": 0.58
            }
        },
        "all": {
            "joint": {
                "preds": [
                    23,
                    24,
                    1,
                    9,
                    6,
                    17,
                    22,
                    13,
                    14,
                    24,
                    13,
                    22,
                    4,
                    7,
                    6,
                    5,
                    8,
                    8,
                    14,
                    4,
                    6,
                    0,
                    7,
                    9,
                    12,
                    11,
                    5,
                    3,
                    4,
                    23,
                    5,
                    8,
                    17,
                    24,
                    13,
                    0,
                    8,
                    13,
                    21,
                    12,
                    8,
                    21,
                    16,
                    3,
                    7,
                    5,
                    9,
                    17,
                    10,
                    8
                ],
                "accuracy": 0.48
            },
            "video": {
                "preds": [
                    12,
                    15,
                    1,
                    9,
                    3,
                    7,
                    17,
                    13,
                    14,
                    6,
                    13,
                    8,
                    4,
                    7,
                    6,
                    5,
                    22,
                    2,
                    14,
                    14,
                    7,
                    0,
                    20,
                    9,
                    12,
                    11,
                    5,
                    3,
                    4,
                    7,
                    5,
                    8,
                    17,
                    24,
                    13,
                    0,
                    8,
                    2,
                    11,
                    4,
                    8,
                    21,
                    16,
                    3,
                    7,
                    14,
                    2,
                    17,
                    10,
                    8
                ],
                "accuracy": 0.44
            },
            "question": {
                "preds": [
                    12,
                    11,
                    1,
                    9,
                    3,
                    7,
                    17,
                    13,
                    14,
                    6,
                    13,
                    8,
                    4,
                    7,
                    6,
                    5,
                    22,
                    2,
                    14,
                    14,
                    6,
                    8,
                    20,
                    1,
                    16,
                    11,
                    5,
                    3,
                    4,
                    7,
                    5,
                    8,
                    17,
                    24,
                    17,
                    0,
                    8,
                    2,
                    11,
                    4,
                    8,
                    21,
                    16,
                    3,
                    7,
                    14,
                    2,
                    17,
                    10,
                    8
                ],
                "accuracy": 0.46
            },
            "answer": {
                "preds": [
                    23,
                    24,
                    1,
                    9,
                    6,
                    17,
                    22,
                    13,
                    14,
                    24,
                    13,
                    22,
                    4,
                    7,
                    6,
                    5,
                    8,
                    8,
                    14,
                    4,
                    6,
                    0,
                    7,
                    9,
                    12,
                    11,
                    5,
                    3,
                    4,
                    23,
                    5,
                    8,
                    17,
                    24,
                    13,
                    0,
                    8,
                    13,
                    21,
                    12,
                    8,
                    21,
                    16,
                    3,
                    7,
                    5,
                    9,
                    17,
                    10,
                    8
                ],
                "accuracy": 0.48
            }
        }
    },
    "negative": {
        "ground_truth": {
            "joint": {
                "preds": [
                    0,
                    21,
                    1,
                    9,
                    19,
                    17,
                    17,
                    13,
                    14,
                    24,
                    13,
                    22,
                    11,
                    10,
                    6,
                    5,
                    22,
                    8,
                    14,
                    14,
                    0,
                    8,
                    20,
                    18,
                    12,
                    11,
                    5,
                    3,
                    19,
                    23,
                    23,
                    8,
                    2,
                    1,
                    17,
                    0,
                    13,
                    16,
                    11,
                    9,
                    8,
                    1,
                    3,
                    23,
                    7,
                    22,
                    9,
                    1,
                    10,
                    1
                ],
                "accuracy": 0.9
            },
            "video": {
                "preds": [
                    12,
                    15,
                    1,
                    9,
                    3,
                    7,
                    17,
                    13,
                    14,
                    6,
                    13,
                    22,
                    10,
                    7,
                    6,
                    5,
                    22,
                    2,
                    14,
                    14,
                    0,
                    8,
                    20,
                    1,
                    16,
                    11,
                    5,
                    3,
                    4,
                    7,
                    4,
                    3,
                    17,
                    24,
                    13,
                    0,
                    1,
                    2,
                    11,
                    4,
                    8,
                    21,
                    16,
                    3,
                    7,
                    14,
                    2,
                    1,
                    10,
                    8
                ],
                "accuracy": 0.52
            },
            "question": {
                "preds": [
                    12,
                    15,
                    1,
                    9,
                    3,
                    7,
                    17,
                    13,
                    14,
                    6,
                    13,
                    22,
                    4,
                    7,
                    6,
                    5,
                    8,
                    8,
                    14,
                    14,
                    0,
                    8,
                    20,
                    9,
                    12,
                    11,
                    5,
                    3,
                    4,
                    7,
                    5,
                    8,
                    4,
                    24,
                    17,
                    0,
                    1,
                    19,
                    11,
                    4,
                    8,
                    21,
                    16,
                    3,
                    7,
                    14,
                    2,
                    17,
                    10,
                    8
                ],
                "accuracy": 0.54
            },
            "answer": {
                "preds": [
                    0,
                    21,
                    1,
                    9,
                    19,
                    17,
                    17,
                    13,
                    14,
                    24,
                    13,
                    22,
                    11,
                    10,
                    6,
                    5,
                    22,
                    8,
                    14,
                    14,
                    0,
                    8,
                    20,
                    18,
                    12,
                    11,
                    5,
                    3,
                    19,
                    23,
                    23,
                    8,
                    2,
                    1,
                    17,
                    0,
                    13,
                    16,
                    11,
                    9,
                    8,
                    1,
                    3,
                    23,
                    7,
                    22,
                    9,
                    1,
                    10,
                    1
                ],
                "accuracy": 0.9
            }
        },
        "false": {
            "joint": {
                "preds": [
                    12,
                    14,
                    1,
                    22,
                    6,
                    7,
                    13,
                    22,
                    23,
                    8,
                    1,
                    7,
                    4,
                    7,
                    7,
                    22,
                    22,
                    19,
                    13,
                    16,
                    7,
                    2,
                    11,
                    9,
                    8,
                    16,
                    14,
                    3,
                    9,
                    9,
                    9,
                    9,
                    2,
                    10,
                    17,
                    4,
                    10,
                    2,
                    11,
                    2,
                    10,
                    23,
                    8,
                    20,
                    24,
                    5,
                    22,
                    3,
                    5,
                    5
                ],
                "accuracy": 0.1
            },
            "video": {
                "preds": [
                    12,
                    11,
                    1,
                    9,
                    3,
                    7,
                    17,
                    13,
                    14,
                    8,
                    13,
                    8,
                    4,
                    7,
                    6,
                    5,
                    22,
                    2,
                    14,
                    16,
                    0,
                    9,
                    7,
                    1,
                    6,
                    11,
                    5,
                    3,
                    4,
                    7,
                    4,
                    3,
                    17,
                    10,
                    13,
                    0,
                    8,
                    2,
                    11,
                    9,
                    8,
                    21,
                    3,
                    3,
                    7,
                    5,
                    9,
                    1,
                    10,
                    8
                ],
                "accuracy": 0.46
            },
            "question": {
                "preds": [
                    24,
                    11,
                    1,
                    9,
                    3,
                    7,
                    12,
                    13,
                    14,
                    24,
                    13,
                    8,
                    4,
                    7,
                    6,
                    5,
                    8,
                    8,
                    14,
                    18,
                    0,
                    8,
                    20,
                    9,
                    6,
                    11,
                    5,
                    3,
                    4,
                    7,
                    5,
                    3,
                    4,
                    24,
                    12,
                    0,
                    8,
                    24,
                    11,
                    9,
                    8,
                    21,
                    16,
                    3,
                    7,
                    14,
                    9,
                    17,
                    10,
                    8
                ],
                "accuracy": 0.46
            },
            "answer": {
                "preds": [
                    12,
                    14,
                    1,
                    22,
                    6,
                    7,
                    13,
                    22,
                    23,
                    8,
                    1,
                    7,
                    4,
                    7,
                    7,
                    22,
                    22,
                    19,
                    13,
                    16,
                    7,
                    2,
                    11,
                    9,
                    8,
                    16,
                    14,
                    3,
                    9,
                    9,
                    9,
                    9,
                    2,
                    10,
                    17,
                    4,
                    10,
                    2,
                    11,
                    2,
                    10,
                    23,
                    8,
                    20,
                    24,
                    5,
                    22,
                    3,
                    5,
                    5
                ],
                "accuracy": 0.1
            }
        },
        "all": {
            "joint": {
                "preds": [
                    14,
                    14,
                    1,
                    22,
                    15,
                    7,
                    13,
                    22,
                    23,
                    8,
                    24,
                    7,
                    4,
                    1,
                    6,
                    22,
                    22,
                    19,
                    8,
                    16,
                    7,
                    2,
                    11,
                    9,
                    10,
                    16,
                    2,
                    3,
                    9,
                    9,
                    9,
                    9,
                    2,
                    10,
                    17,
                    4,
                    10,
                    2,
                    11,
                    2,
                    10,
                    1,
                    15,
                    23,
                    7,
                    5,
                    2,
                    11,
                    5,
                    5
                ],
                "accuracy": 0.18
            },
            "video": {
                "preds": [
                    12,
                    11,
                    1,
                    9,
                    3,
                    7,
                    17,
                    13,
                    14,
                    8,
                    13,
                    8,
                    4,
                    7,
                    6,
                    5,
                    22,
                    2,
                    14,
                    16,
                    0,
                    9,
                    7,
                    1,
                    6,
                    11,
                    5,
                    3,
                    4,
                    7,
                    4,
                    3,
                    17,
                    10,
                    13,
                    0,
                    8,
                    2,
                    11,
                    9,
                    8,
                    21,
                    3,
                    3,
                    7,
                    5,
                    9,
                    1,
                    10,
                    8
                ],
                "accuracy": 0.46
            },
            "question": {
                "preds": [
                    24,
                    11,
                    1,
                    9,
                    3,
                    7,
                    12,
                    13,
                    14,
                    6,
                    13,
                    8,
                    4,
                    7,
                    6,
                    5,
                    8,
                    8,
                    14,
                    18,
                    7,
                    8,
                    20,
                    9,
                    12,
                    11,
                    5,
                    3,
                    4,
                    7,
                    5,
                    3,
                    4,
                    24,
                    12,
                    0,
                    8,
                    24,
                    11,
                    9,
                    8,
                    21,
                    16,
                    3,
                    7,
                    5,
                    9,
                    17,
                    10,
                    8
                ],
                "accuracy": 0.44
            },
            "answer": {
                "preds": [
                    14,
                    14,
                    1,
                    22,
                    15,
                    7,
                    13,
                    22,
                    23,
                    8,
                    24,
                    7,
                    4,
                    1,
                    6,
                    22,
                    22,
                    19,
                    8,
                    16,
                    7,
                    2,
                    11,
                    9,
                    10,
                    16,
                    2,
                    3,
                    9,
                    9,
                    9,
                    9,
                    2,
                    10,
                    17,
                    4,
                    10,
                    2,
                    11,
                    2,
                    10,
                    1,
                    15,
                    23,
                    7,
                    5,
                    2,
                    11,
                    5,
                    5
                ],
                "accuracy": 0.18
            }
        }
    }
}