{
    "nothing": {
        "preds": [
            5,
            1,
            11,
            2,
            11,
            0,
            11,
            6,
            6,
            5,
            8,
            5,
            0,
            3,
            2,
            7,
            2,
            8,
            10,
            2,
            8,
            5,
            2,
            9,
            2,
            3,
            12,
            14,
            1,
            2,
            1,
            0,
            0,
            7,
            1,
            13,
            4,
            2,
            1,
            1,
            1,
            10,
            3,
            3,
            9,
            2,
            9,
            1,
            10,
            12
        ],
        "accuracy": 0.66
    },
    "everything": {
        "joint": {
            "preds": [
                2,
                2,
                2,
                6,
                9,
                2,
                2,
                2,
                3,
                2,
                2,
                2,
                2,
                2,
                2,
                2,
                2,
                2,
                2,
                2,
                2,
                2,
                0,
                2,
                2,
                2,
                2,
                2,
                2,
                2,
                2,
                0,
                1,
                2,
                2,
                2,
                2,
                2,
                2,
                2,
                2,
                2,
                7,
                1,
                3,
                5,
                2,
                2,
                2,
                2
            ],
            "accuracy": 0.1
        },
        "video": {
            "preds": [
                5,
                1,
                1,
                2,
                0,
                5,
                11,
                6,
                6,
                2,
                13,
                6,
                0,
                2,
                2,
                7,
                2,
                1,
                1,
                2,
                2,
                0,
                2,
                7,
                2,
                6,
                1,
                3,
                1,
                2,
                3,
                0,
                0,
                9,
                4,
                0,
                4,
                1,
                1,
                2,
                14,
                10,
                0,
                3,
                9,
                2,
                9,
                2,
                4,
                0
            ],
            "accuracy": 0.32
        },
        "question": {
            "preds": [
                1,
                1,
                11,
                2,
                11,
                5,
                5,
                0,
                6,
                5,
                8,
                5,
                8,
                3,
                2,
                7,
                2,
                8,
                10,
                2,
                8,
                5,
                2,
                9,
                2,
                3,
                12,
                14,
                14,
                2,
                1,
                0,
                0,
                7,
                4,
                13,
                1,
                0,
                1,
                1,
                1,
                0,
                3,
                3,
                9,
                2,
                9,
                1,
                10,
                12
            ],
            "accuracy": 0.62
        },
        "answer": {
            "preds": [
                2,
                2,
                2,
                6,
                9,
                2,
                2,
                2,
                3,
                2,
                2,
                2,
                2,
                2,
                2,
                2,
                2,
                2,
                2,
                2,
                2,
                2,
                0,
                2,
                2,
                2,
                2,
                2,
                2,
                2,
                2,
                0,
                1,
                2,
                2,
                2,
                2,
                2,
                2,
                2,
                2,
                2,
                7,
                1,
                3,
                5,
                2,
                2,
                2,
                2
            ],
            "accuracy": 0.1
        }
    },
    "positive": {
        "ground_truth": {
            "joint": {
                "preds": [
                    10,
                    7,
                    7,
                    7,
                    13,
                    1,
                    5,
                    2,
                    10,
                    3,
                    2,
                    14,
                    7,
                    3,
                    8,
                    5,
                    8,
                    4,
                    2,
                    8,
                    14,
                    9,
                    13,
                    9,
                    6,
                    7,
                    8,
                    7,
                    14,
                    0,
                    9,
                    8,
                    8,
                    9,
                    4,
                    2,
                    2,
                    9,
                    13,
                    12,
                    1,
                    1,
                    11,
                    3,
                    6,
                    8,
                    10,
                    3,
                    9,
                    7
                ],
                "accuracy": 0.0
            },
            "video": {
                "preds": [
                    5,
                    1,
                    11,
                    2,
                    13,
                    0,
                    11,
                    6,
                    6,
                    5,
                    8,
                    5,
                    0,
                    3,
                    2,
                    7,
                    2,
                    8,
                    10,
                    2,
                    8,
                    1,
                    2,
                    9,
                    2,
                    3,
                    12,
                    14,
                    1,
                    2,
                    1,
                    0,
                    0,
                    7,
                    1,
                    13,
                    4,
                    2,
                    1,
                    1,
                    1,
                    10,
                    3,
                    3,
                    9,
                    2,
                    9,
                    1,
                    10,
                    12
                ],
                "accuracy": 0.62
            },
            "question": {
                "preds": [
                    1,
                    7,
                    11,
                    2,
                    11,
                    5,
                    5,
                    0,
                    6,
                    5,
                    8,
                    5,
                    8,
                    3,
                    2,
                    7,
                    2,
                    8,
                    10,
                    2,
                    8,
                    5,
                    13,
                    9,
                    2,
                    3,
                    12,
                    14,
                    14,
                    2,
                    1,
                    4,
                    0,
                    7,
                    4,
                    13,
                    4,
                    0,
                    1,
                    1,
                    1,
                    4,
                    3,
                    3,
                    9,
                    2,
                    9,
                    3,
                    10,
                    12
                ],
                "accuracy": 0.56
            },
            "answer": {
                "preds": [
                    10,
                    7,
                    7,
                    7,
                    13,
                    1,
                    5,
                    2,
                    10,
                    3,
                    2,
                    14,
                    7,
                    3,
                    8,
                    5,
                    8,
                    4,
                    2,
                    8,
                    14,
                    9,
                    13,
                    9,
                    6,
                    7,
                    8,
                    7,
                    14,
                    0,
                    9,
                    8,
                    8,
                    9,
                    4,
                    2,
                    2,
                    9,
                    13,
                    12,
                    1,
                    1,
                    11,
                    3,
                    6,
                    8,
                    10,
                    3,
                    9,
                    7
                ],
                "accuracy": 0.0
            }
        },
        "false": {
            "joint": {
                "preds": [
                    5,
                    7,
                    11,
                    2,
                    13,
                    5,
                    11,
                    6,
                    6,
                    5,
                    8,
                    14,
                    7,
                    13,
                    8,
                    7,
                    8,
                    8,
                    10,
                    2,
                    8,
                    5,
                    2,
                    14,
                    2,
                    3,
                    12,
                    14,
                    14,
                    8,
                    1,
                    8,
                    8,
                    9,
                    4,
                    13,
                    4,
                    14,
                    8,
                    1,
                    1,
                    9,
                    3,
                    7,
                    9,
                    2,
                    9,
                    1,
                    10,
                    12
                ],
                "accuracy": 0.66
            },
            "video": {
                "preds": [
                    5,
                    1,
                    11,
                    2,
                    11,
                    0,
                    11,
                    6,
                    6,
                    5,
                    8,
                    5,
                    0,
                    3,
                    2,
                    7,
                    2,
                    8,
                    10,
                    2,
                    8,
                    5,
                    2,
                    9,
                    2,
                    3,
                    12,
                    14,
                    1,
                    2,
                    1,
                    0,
                    0,
                    9,
                    1,
                    13,
                    4,
                    2,
                    1,
                    1,
                    1,
                    0,
                    3,
                    3,
                    9,
                    2,
                    9,
                    1,
                    10,
                    12
                ],
                "accuracy": 0.66
            },
            "question": {
                "preds": [
                    5,
                    7,
                    11,
                    2,
                    11,
                    5,
                    11,
                    0,
                    6,
                    5,
                    8,
                    5,
                    8,
                    3,
                    2,
                    7,
                    2,
                    8,
                    10,
                    2,
                    8,
                    5,
                    2,
                    9,
                    2,
                    3,
                    12,
                    14,
                    14,
                    0,
                    1,
                    0,
                    0,
                    7,
                    4,
                    13,
                    4,
                    0,
                    1,
                    1,
                    1,
                    10,
                    3,
                    3,
                    9,
                    2,
                    9,
                    3,
                    10,
                    12
                ],
                "accuracy": 0.62
            },
            "answer": {
                "preds": [
                    5,
                    7,
                    11,
                    2,
                    13,
                    5,
                    11,
                    6,
                    6,
                    5,
                    8,
                    14,
                    7,
                    13,
                    8,
                    7,
                    8,
                    8,
                    10,
                    2,
                    8,
                    5,
                    2,
                    14,
                    2,
                    3,
                    12,
                    14,
                    14,
                    8,
                    1,
                    8,
                    8,
                    9,
                    4,
                    13,
                    4,
                    14,
                    8,
                    1,
                    1,
                    9,
                    3,
                    7,
                    9,
                    2,
                    9,
                    1,
                    10,
                    12
                ],
                "accuracy": 0.66
            }
        },
        "all": {
            "joint": {
                "preds": [
                    5,
                    7,
                    11,
                    8,
                    13,
                    5,
                    11,
                    6,
                    6,
                    5,
                    8,
                    14,
                    7,
                    13,
                    8,
                    7,
                    8,
                    8,
                    10,
                    2,
                    8,
                    5,
                    2,
                    14,
                    6,
                    3,
                    12,
                    14,
                    14,
                    8,
                    1,
                    8,
                    8,
                    9,
                    4,
                    13,
                    4,
                    14,
                    8,
                    1,
                    1,
                    9,
                    3,
                    7,
                    9,
                    8,
                    9,
                    1,
                    10,
                    12
                ],
                "accuracy": 0.6
            },
            "video": {
                "preds": [
                    5,
                    1,
                    11,
                    2,
                    11,
                    0,
                    11,
                    6,
                    6,
                    5,
                    8,
                    5,
                    0,
                    3,
                    2,
                    7,
                    2,
                    8,
                    10,
                    2,
                    8,
                    5,
                    2,
                    9,
                    2,
                    3,
                    12,
                    14,
                    1,
                    2,
                    1,
                    0,
                    0,
                    9,
                    1,
                    13,
                    4,
                    2,
                    1,
                    1,
                    1,
                    1,
                    3,
                    3,
                    9,
                    2,
                    9,
                    1,
                    10,
                    12
                ],
                "accuracy": 0.66
            },
            "question": {
                "preds": [
                    5,
                    7,
                    11,
                    2,
                    11,
                    5,
                    11,
                    0,
                    6,
                    5,
                    8,
                    5,
                    8,
                    3,
                    2,
                    7,
                    2,
                    8,
                    10,
                    2,
                    8,
                    5,
                    2,
                    9,
                    2,
                    3,
                    12,
                    14,
                    14,
                    0,
                    1,
                    0,
                    0,
                    9,
                    4,
                    13,
                    4,
                    0,
                    1,
                    1,
                    1,
                    0,
                    3,
                    3,
                    9,
                    2,
                    9,
                    3,
                    10,
                    12
                ],
                "accuracy": 0.62
            },
            "answer": {
                "preds": [
                    5,
                    7,
                    11,
                    8,
                    13,
                    5,
                    11,
                    6,
                    6,
                    5,
                    8,
                    14,
                    7,
                    13,
                    8,
                    7,
                    8,
                    8,
                    10,
                    2,
                    8,
                    5,
                    2,
                    14,
                    6,
                    3,
                    12,
                    14,
                    14,
                    8,
                    1,
                    8,
                    8,
                    9,
                    4,
                    13,
                    4,
                    14,
                    8,
                    1,
                    1,
                    9,
                    3,
                    7,
                    9,
                    8,
                    9,
                    1,
                    10,
                    12
                ],
                "accuracy": 0.6
            }
        }
    },
    "negative": {
        "ground_truth": {
            "joint": {
                "preds": [
                    6,
                    2,
                    11,
                    2,
                    11,
                    5,
                    11,
                    6,
                    6,
                    5,
                    8,
                    5,
                    0,
                    13,
                    13,
                    11,
                    2,
                    8,
                    10,
                    2,
                    8,
                    5,
                    2,
                    14,
                    2,
                    3,
                    12,
                    14,
                    9,
                    11,
                    1,
                    0,
                    0,
                    1,
                    10,
                    13,
                    9,
                    14,
                    8,
                    1,
                    14,
                    9,
                    3,
                    8,
                    9,
                    2,
                    9,
                    1,
                    10,
                    12
                ],
                "accuracy": 1.0
            },
            "video": {
                "preds": [
                    5,
                    1,
                    11,
                    2,
                    11,
                    0,
                    11,
                    6,
                    6,
                    5,
                    8,
                    5,
                    0,
                    3,
                    2,
                    7,
                    2,
                    8,
                    10,
                    2,
                    8,
                    5,
                    2,
                    9,
                    2,
                    3,
                    12,
                    14,
                    14,
                    2,
                    1,
                    0,
                    0,
                    7,
                    1,
                    13,
                    4,
                    14,
                    1,
                    1,
                    1,
                    0,
                    3,
                    3,
                    9,
                    2,
                    9,
                    1,
                    10,
                    12
                ],
                "accuracy": 0.68
            },
            "question": {
                "preds": [
                    5,
                    1,
                    11,
                    2,
                    11,
                    5,
                    11,
                    6,
                    6,
                    5,
                    8,
                    5,
                    0,
                    3,
                    2,
                    7,
                    2,
                    8,
                    10,
                    2,
                    8,
                    5,
                    2,
                    9,
                    2,
                    3,
                    12,
                    14,
                    14,
                    0,
                    1,
                    0,
                    0,
                    1,
                    10,
                    13,
                    2,
                    2,
                    1,
                    1,
                    1,
                    0,
                    3,
                    8,
                    9,
                    2,
                    9,
                    1,
                    10,
                    12
                ],
                "accuracy": 0.74
            },
            "answer": {
                "preds": [
                    6,
                    2,
                    11,
                    2,
                    11,
                    5,
                    11,
                    6,
                    6,
                    5,
                    8,
                    5,
                    0,
                    13,
                    13,
                    11,
                    2,
                    8,
                    10,
                    2,
                    8,
                    5,
                    2,
                    14,
                    2,
                    3,
                    12,
                    14,
                    9,
                    11,
                    1,
                    0,
                    0,
                    1,
                    10,
                    13,
                    9,
                    14,
                    8,
                    1,
                    14,
                    9,
                    3,
                    8,
                    9,
                    2,
                    9,
                    1,
                    10,
                    12
                ],
                "accuracy": 1.0
            }
        },
        "false": {
            "joint": {
                "preds": [
                    6,
                    12,
                    7,
                    1,
                    3,
                    1,
                    2,
                    2,
                    6,
                    3,
                    2,
                    6,
                    0,
                    2,
                    13,
                    8,
                    2,
                    1,
                    13,
                    9,
                    4,
                    2,
                    0,
                    7,
                    5,
                    0,
                    5,
                    7,
                    1,
                    2,
                    8,
                    0,
                    2,
                    6,
                    1,
                    2,
                    2,
                    9,
                    8,
                    12,
                    8,
                    1,
                    7,
                    5,
                    1,
                    6,
                    2,
                    3,
                    9,
                    7
                ],
                "accuracy": 0.14
            },
            "video": {
                "preds": [
                    5,
                    1,
                    11,
                    2,
                    11,
                    0,
                    11,
                    6,
                    6,
                    5,
                    8,
                    5,
                    0,
                    3,
                    2,
                    7,
                    2,
                    8,
                    10,
                    2,
                    8,
                    1,
                    2,
                    9,
                    2,
                    3,
                    12,
                    14,
                    14,
                    2,
                    1,
                    0,
                    0,
                    7,
                    1,
                    13,
                    4,
                    2,
                    1,
                    1,
                    1,
                    10,
                    3,
                    3,
                    9,
                    2,
                    9,
                    1,
                    10,
                    12
                ],
                "accuracy": 0.64
            },
            "question": {
                "preds": [
                    5,
                    7,
                    11,
                    2,
                    11,
                    0,
                    5,
                    6,
                    6,
                    5,
                    8,
                    5,
                    8,
                    3,
                    2,
                    7,
                    2,
                    8,
                    10,
                    2,
                    8,
                    5,
                    2,
                    9,
                    2,
                    3,
                    1,
                    14,
                    14,
                    0,
                    1,
                    0,
                    0,
                    9,
                    4,
                    13,
                    4,
                    2,
                    1,
                    1,
                    1,
                    0,
                    3,
                    3,
                    9,
                    2,
                    9,
                    1,
                    10,
                    12
                ],
                "accuracy": 0.6
            },
            "answer": {
                "preds": [
                    6,
                    12,
                    7,
                    1,
                    3,
                    1,
                    2,
                    2,
                    6,
                    3,
                    2,
                    6,
                    0,
                    2,
                    13,
                    8,
                    2,
                    1,
                    13,
                    9,
                    4,
                    2,
                    0,
                    7,
                    5,
                    0,
                    5,
                    7,
                    1,
                    2,
                    8,
                    0,
                    2,
                    6,
                    1,
                    2,
                    2,
                    9,
                    8,
                    12,
                    8,
                    1,
                    7,
                    5,
                    1,
                    6,
                    2,
                    3,
                    9,
                    7
                ],
                "accuracy": 0.14
            }
        },
        "all": {
            "joint": {
                "preds": [
                    6,
                    2,
                    7,
                    2,
                    3,
                    1,
                    2,
                    2,
                    6,
                    3,
                    2,
                    6,
                    0,
                    13,
                    13,
                    11,
                    2,
                    1,
                    13,
                    9,
                    4,
                    7,
                    0,
                    7,
                    5,
                    0,
                    5,
                    7,
                    1,
                    2,
                    8,
                    0,
                    2,
                    1,
                    1,
                    2,
                    2,
                    9,
                    8,
                    12,
                    8,
                    1,
                    2,
                    7,
                    1,
                    6,
                    2,
                    3,
                    9,
                    7
                ],
                "accuracy": 0.24
            },
            "video": {
                "preds": [
                    5,
                    1,
                    11,
                    2,
                    11,
                    0,
                    11,
                    6,
                    6,
                    5,
                    8,
                    5,
                    0,
                    3,
                    2,
                    7,
                    2,
                    8,
                    10,
                    2,
                    8,
                    1,
                    2,
                    9,
                    2,
                    3,
                    12,
                    14,
                    14,
                    2,
                    1,
                    0,
                    0,
                    7,
                    1,
                    13,
                    4,
                    2,
                    1,
                    1,
                    1,
                    10,
                    3,
                    3,
                    9,
                    2,
                    9,
                    1,
                    10,
                    12
                ],
                "accuracy": 0.64
            },
            "question": {
                "preds": [
                    5,
                    1,
                    11,
                    2,
                    11,
                    0,
                    5,
                    6,
                    6,
                    5,
                    8,
                    5,
                    8,
                    3,
                    2,
                    7,
                    2,
                    8,
                    10,
                    2,
                    8,
                    5,
                    2,
                    9,
                    2,
                    3,
                    1,
                    14,
                    14,
                    0,
                    1,
                    0,
                    0,
                    9,
                    4,
                    13,
                    4,
                    2,
                    1,
                    1,
                    1,
                    0,
                    3,
                    8,
                    9,
                    2,
                    9,
                    1,
                    10,
                    12
                ],
                "accuracy": 0.62
            },
            "answer": {
                "preds": [
                    6,
                    2,
                    7,
                    2,
                    3,
                    1,
                    2,
                    2,
                    6,
                    3,
                    2,
                    6,
                    0,
                    13,
                    13,
                    11,
                    2,
                    1,
                    13,
                    9,
                    4,
                    7,
                    0,
                    7,
                    5,
                    0,
                    5,
                    7,
                    1,
                    2,
                    8,
                    0,
                    2,
                    1,
                    1,
                    2,
                    2,
                    9,
                    8,
                    12,
                    8,
                    1,
                    2,
                    7,
                    1,
                    6,
                    2,
                    3,
                    9,
                    7
                ],
                "accuracy": 0.24
            }
        }
    }
}